filename,logo_id
LogoDataset2K/Cosmetic/Bold/24.jpg,Bold
LogoDataset2K/Cosmetic/Ultra/26.jpg,Ultra
LogoDataset2K/Cosmetic/Badedas/50.jpg,Badedas
LogoDataset2K/Cosmetic/Harrison/11.jpg,Harrison
LogoDataset2K/Cosmetic/BlueSky/28.jpg,BlueSky
LogoDataset2K/Cosmetic/BlueStratos/15.jpg,BlueStratos
LogoDataset2K/Cosmetic/Walch/5.jpg,Walch
LogoDataset2K/Cosmetic/Amino/30.jpg,Amino
LogoDataset2K/Cosmetic/Base/4.jpg,Base
LogoDataset2K/Cosmetic/Lusso/63.jpg,Lusso
LogoDataset2K/Cosmetic/Lakme/24.jpg,Lakme
LogoDataset2K/Cosmetic/Ponds/17.jpg,Ponds
LogoDataset2K/Cosmetic/Baraka/55.jpg,Baraka
LogoDataset2K/Cosmetic/Organics/74.jpg,Organics
LogoDataset2K/Cosmetic/AVON/38.jpg,AVON
LogoDataset2K/Cosmetic/OldSpice/56.jpg,OldSpice
LogoDataset2K/Cosmetic/Terrys/1.jpg,Terrys
LogoDataset2K/Cosmetic/AquaSpring/29.jpg,AquaSpring
LogoDataset2K/Cosmetic/Ola/45.jpg,Ola
LogoDataset2K/Cosmetic/Johnson/25.jpg,Johnson
LogoDataset2K/Cosmetic/Charge/24.jpg,Charge
LogoDataset2K/Cosmetic/Dove/5.jpg,Dove
LogoDataset2K/Cosmetic/Timotei/26.jpg,Timotei
LogoDataset2K/Cosmetic/SNOOPY/6.jpg,SNOOPY
LogoDataset2K/Cosmetic/Dominique/3.jpg,Dominique
LogoDataset2K/Cosmetic/Pep/8.jpg,Pep
LogoDataset2K/Cosmetic/HowardJohnsons/48.jpg,HowardJohnsons
LogoDataset2K/Cosmetic/Newark/10.jpg,Newark
LogoDataset2K/Cosmetic/Voodoo/57.jpg,Voodoo
LogoDataset2K/Cosmetic/watsons/19.jpg,watsons
LogoDataset2K/Cosmetic/Aztec/3.jpg,Aztec
LogoDataset2K/Cosmetic/Nespresso/27.jpg,Nespresso
LogoDataset2K/Cosmetic/Pure/58.jpg,Pure
LogoDataset2K/Cosmetic/Pechoin/18.jpg,Pechoin
LogoDataset2K/Cosmetic/Astor/14.jpg,Astor
LogoDataset2K/Cosmetic/Peanuts/15.jpg,Peanuts
LogoDataset2K/Cosmetic/Allorgan/12.jpg,Allorgan
LogoDataset2K/Cosmetic/BreathSavers/25.jpg,BreathSavers
LogoDataset2K/Cosmetic/Elf/32.jpg,Elf
LogoDataset2K/Cosmetic/Belk/45.jpg,Belk
LogoDataset2K/Cosmetic/Twinkles/22.jpg,Twinkles
LogoDataset2K/Cosmetic/Watson/32.jpg,Watson
LogoDataset2K/Cosmetic/Sunsilk/33.jpg,Sunsilk
LogoDataset2K/Cosmetic/muyingzhijia/5.jpg,muyingzhijia
LogoDataset2K/Cosmetic/StIves/44.jpg,StIves
LogoDataset2K/Cosmetic/Nail/1.jpg,Nail
LogoDataset2K/Cosmetic/Amp/37.jpg,Amp
LogoDataset2K/Cosmetic/Planters/60.jpg,Planters
LogoDataset2K/Cosmetic/SEI/2.jpg,SEI
LogoDataset2K/Cosmetic/Quelle/19.jpg,Quelle
LogoDataset2K/Cosmetic/Arcadia/1.jpg,Arcadia
LogoDataset2K/Cosmetic/Juno/38.jpg,Juno
LogoDataset2K/Cosmetic/Revolution/42.jpg,Revolution
LogoDataset2K/Cosmetic/OKs/28.jpg,OKs
LogoDataset2K/Cosmetic/BSR/24.jpg,BSR
LogoDataset2K/Cosmetic/Ultima/37.jpg,Ultima
LogoDataset2K/Cosmetic/Brick/47.jpg,Brick
LogoDataset2K/Cosmetic/GL/40.jpg,GL
LogoDataset2K/Cosmetic/Sana/1.jpg,Sana
LogoDataset2K/Cosmetic/Ohs/14.jpg,Ohs
LogoDataset2K/Cosmetic/Princessa/7.jpg,Princessa
LogoDataset2K/Cosmetic/ElisabethBas/51.jpg,ElisabethBas
LogoDataset2K/Cosmetic/Opal/9.jpg,Opal
LogoDataset2K/Cosmetic/BacktoNature/40.jpg,BacktoNature
LogoDataset2K/Cosmetic/YSL/27.jpg,YSL
LogoDataset2K/Cosmetic/Elta/14.jpg,Elta
LogoDataset2K/Cosmetic/Knox/5.jpg,Knox
LogoDataset2K/Cosmetic/FullMoon/7.jpg,FullMoon
LogoDataset2K/Cosmetic/Camerons/11.jpg,Camerons
LogoDataset2K/Cosmetic/Surya/61.jpg,Surya
LogoDataset2K/Cosmetic/TRESemme/41.jpg,TRESemme
LogoDataset2K/Cosmetic/ROBERTS/4.jpg,ROBERTS
LogoDataset2K/Cosmetic/CoverGirl/21.jpg,CoverGirl
LogoDataset2K/Cosmetic/RELLET/12.jpg,RELLET
LogoDataset2K/Cosmetic/AnnaSui/32.jpg,AnnaSui
LogoDataset2K/Cosmetic/Christina/3.jpg,Christina
LogoDataset2K/Cosmetic/BH/1.jpg,BH
LogoDataset2K/Cosmetic/JMP/13.jpg,JMP
LogoDataset2K/Cosmetic/Stayfree/26.jpg,Stayfree
LogoDataset2K/Cosmetic/Godrej/29.jpg,Godrej
LogoDataset2K/Cosmetic/Aquafresh/1.jpg,Aquafresh
LogoDataset2K/Cosmetic/chanel/53.jpg,chanel
LogoDataset2K/Cosmetic/chanel/12.jpg,chanel
LogoDataset2K/Cosmetic/chanel/6.jpg,chanel
LogoDataset2K/Cosmetic/chanel/45.jpg,chanel
LogoDataset2K/Cosmetic/chanel/44.jpg,chanel
LogoDataset2K/Cosmetic/chanel/25.jpg,chanel
LogoDataset2K/Cosmetic/chanel/51.jpg,chanel
LogoDataset2K/Cosmetic/chanel/69.jpg,chanel
LogoDataset2K/Cosmetic/chanel/60.jpg,chanel
LogoDataset2K/Cosmetic/chanel/2.jpg,chanel
LogoDataset2K/Cosmetic/chanel/47.jpg,chanel
LogoDataset2K/Cosmetic/chanel/72.jpg,chanel
LogoDataset2K/Cosmetic/chanel/61.jpg,chanel
LogoDataset2K/Cosmetic/chanel/49.jpg,chanel
LogoDataset2K/Cosmetic/chanel/71.jpg,chanel
LogoDataset2K/Cosmetic/chanel/7.jpg,chanel
LogoDataset2K/Cosmetic/chanel/64.jpg,chanel
LogoDataset2K/Cosmetic/chanel/9.jpg,chanel
LogoDataset2K/Cosmetic/chanel/54.jpg,chanel
LogoDataset2K/Cosmetic/chanel/50.jpg,chanel
LogoDataset2K/Cosmetic/chanel/18.jpg,chanel
LogoDataset2K/Cosmetic/chanel/15.jpg,chanel
LogoDataset2K/Cosmetic/chanel/14.jpg,chanel
LogoDataset2K/Cosmetic/chanel/32.jpg,chanel
LogoDataset2K/Cosmetic/chanel/42.jpg,chanel
LogoDataset2K/Cosmetic/chanel/41.jpg,chanel
LogoDataset2K/Cosmetic/chanel/34.jpg,chanel
LogoDataset2K/Cosmetic/chanel/30.jpg,chanel
LogoDataset2K/Cosmetic/chanel/36.jpg,chanel
LogoDataset2K/Cosmetic/chanel/19.jpg,chanel
LogoDataset2K/Cosmetic/chanel/29.jpg,chanel
LogoDataset2K/Cosmetic/chanel/35.jpg,chanel
LogoDataset2K/Cosmetic/chanel/28.jpg,chanel
LogoDataset2K/Cosmetic/chanel/23.jpg,chanel
LogoDataset2K/Cosmetic/chanel/37.jpg,chanel
LogoDataset2K/Cosmetic/chanel/52.jpg,chanel
LogoDataset2K/Cosmetic/chanel/1.jpg,chanel
LogoDataset2K/Cosmetic/chanel/13.jpg,chanel
LogoDataset2K/Cosmetic/chanel/27.jpg,chanel
LogoDataset2K/Cosmetic/chanel/59.jpg,chanel
LogoDataset2K/Cosmetic/chanel/38.jpg,chanel
LogoDataset2K/Cosmetic/chanel/55.jpg,chanel
LogoDataset2K/Cosmetic/chanel/11.jpg,chanel
LogoDataset2K/Cosmetic/chanel/4.jpg,chanel
LogoDataset2K/Cosmetic/chanel/66.jpg,chanel
LogoDataset2K/Cosmetic/chanel/22.jpg,chanel
LogoDataset2K/Cosmetic/chanel/70.jpg,chanel
LogoDataset2K/Cosmetic/chanel/65.jpg,chanel
LogoDataset2K/Cosmetic/chanel/3.jpg,chanel
LogoDataset2K/Cosmetic/chanel/21.jpg,chanel
LogoDataset2K/Cosmetic/chanel/40.jpg,chanel
LogoDataset2K/Cosmetic/chanel/67.jpg,chanel
LogoDataset2K/Cosmetic/chanel/56.jpg,chanel
LogoDataset2K/Cosmetic/chanel/57.jpg,chanel
LogoDataset2K/Cosmetic/chanel/20.jpg,chanel
LogoDataset2K/Cosmetic/chanel/5.jpg,chanel
LogoDataset2K/Cosmetic/chanel/8.jpg,chanel
LogoDataset2K/Cosmetic/chanel/62.jpg,chanel
LogoDataset2K/Cosmetic/chanel/58.jpg,chanel
LogoDataset2K/Cosmetic/chanel/24.jpg,chanel
LogoDataset2K/Cosmetic/chanel/31.jpg,chanel
LogoDataset2K/Cosmetic/chanel/43.jpg,chanel
LogoDataset2K/Cosmetic/chanel/10.jpg,chanel
LogoDataset2K/Cosmetic/chanel/17.jpg,chanel
LogoDataset2K/Cosmetic/chanel/48.jpg,chanel
LogoDataset2K/Cosmetic/chanel/26.jpg,chanel
LogoDataset2K/Cosmetic/chanel/33.jpg,chanel
LogoDataset2K/Cosmetic/chanel/68.jpg,chanel
LogoDataset2K/Cosmetic/chanel/46.jpg,chanel
LogoDataset2K/Cosmetic/chanel/39.jpg,chanel
LogoDataset2K/Cosmetic/chanel/16.jpg,chanel
LogoDataset2K/Cosmetic/chanel/63.jpg,chanel
LogoDataset2K/Cosmetic/DHC/6.jpg,DHC
LogoDataset2K/Cosmetic/BaiDaFu/17.jpg,BaiDaFu
LogoDataset2K/Cosmetic/Giorgio/35.jpg,Giorgio
LogoDataset2K/Cosmetic/Sedal/43.jpg,Sedal
LogoDataset2K/Cosmetic/Heaven/73.jpg,Heaven
LogoDataset2K/Cosmetic/Luma/52.jpg,Luma
LogoDataset2K/Cosmetic/Neutral/44.jpg,Neutral
LogoDataset2K/Cosmetic/Cretacolor/47.jpg,Cretacolor
LogoDataset2K/Cosmetic/Avene/1.jpg,Avene
LogoDataset2K/Cosmetic/Axe/11.jpg,Axe
LogoDataset2K/Cosmetic/JohnsonJohnson/50.jpg,JohnsonJohnson
LogoDataset2K/Cosmetic/Amora/12.jpg,Amora
LogoDataset2K/Cosmetic/ORLANE/18.jpg,ORLANE
LogoDataset2K/Cosmetic/Andrelon/5.jpg,Andrelon
LogoDataset2K/Cosmetic/Sunce/49.jpg,Sunce
LogoDataset2K/Cosmetic/Heat/26.jpg,Heat
LogoDataset2K/Cosmetic/Expert/29.jpg,Expert
LogoDataset2K/Cosmetic/Suave/27.jpg,Suave
LogoDataset2K/Cosmetic/OPL/6.jpg,OPL
LogoDataset2K/Cosmetic/Olay/5.jpg,Olay
LogoDataset2K/Cosmetic/MaxFactor/47.jpg,MaxFactor
LogoDataset2K/Cosmetic/Radox/19.jpg,Radox
LogoDataset2K/Cosmetic/Camay/3.jpg,Camay
LogoDataset2K/Cosmetic/Gel/29.jpg,Gel
LogoDataset2K/Cosmetic/Kingsley/57.jpg,Kingsley
LogoDataset2K/Cosmetic/AquaMineral/4.jpg,AquaMineral
LogoDataset2K/Cosmetic/BlackJack/23.jpg,BlackJack
LogoDataset2K/Cosmetic/Benedit/13.jpg,Benedit
LogoDataset2K/Cosmetic/Mentholatum/5.jpg,Mentholatum
LogoDataset2K/Cosmetic/CalvinKlein/53.jpg,CalvinKlein
LogoDataset2K/Cosmetic/Rexona/28.jpg,Rexona
LogoDataset2K/Cosmetic/DARLIE/17.jpg,DARLIE
LogoDataset2K/Accessories/diamond/11.jpg,diamond
LogoDataset2K/Accessories/Libbys/33.jpg,Libbys
LogoDataset2K/Accessories/Admiral/5.jpg,Admiral
LogoDataset2K/Accessories/RaceWay/17.jpg,RaceWay
LogoDataset2K/Accessories/Matt/7.jpg,Matt
LogoDataset2K/Accessories/Braun/1.jpg,Braun
LogoDataset2K/Accessories/Drifter/1.jpg,Drifter
LogoDataset2K/Accessories/puma/1.jpg,puma
LogoDataset2K/Accessories/EagleCreek/1.jpg,EagleCreek
LogoDataset2K/Accessories/BakerSkateboards/66.jpg,BakerSkateboards
LogoDataset2K/Accessories/BlackandRed/1.jpg,BlackandRed
LogoDataset2K/Accessories/OMAS/5.jpg,OMAS
LogoDataset2K/Accessories/Beeline/5.jpg,Beeline
LogoDataset2K/Accessories/Margherita/1.jpg,Margherita
LogoDataset2K/Accessories/Domus/2.jpg,Domus
LogoDataset2K/Accessories/Palladium/1.jpg,Palladium
LogoDataset2K/Accessories/Papillio/1.jpg,Papillio
LogoDataset2K/Accessories/24seven/5.jpg,24seven
LogoDataset2K/Accessories/Nike/13.jpg,Nike
LogoDataset2K/Accessories/Domino/9.jpg,Domino
LogoDataset2K/Accessories/Imperia/5.jpg,Imperia
LogoDataset2K/Accessories/Moca/19.jpg,Moca
LogoDataset2K/Accessories/Consort/3.jpg,Consort
LogoDataset2K/Accessories/Excelsior/80.jpg,Excelsior
LogoDataset2K/Accessories/Tandy/1.jpg,Tandy
LogoDataset2K/Accessories/Ecco/7.jpg,Ecco
LogoDataset2K/Accessories/Keen/20.jpg,Keen
LogoDataset2K/Accessories/Audar/59.jpg,Audar
LogoDataset2K/Accessories/Vanessa/33.jpg,Vanessa
LogoDataset2K/Accessories/Boxfresh/1.jpg,Boxfresh
LogoDataset2K/Accessories/Makro/16.jpg,Makro
LogoDataset2K/Accessories/Alexia/27.jpg,Alexia
LogoDataset2K/Accessories/DVSShoes/1.jpg,DVSShoes
LogoDataset2K/Accessories/Emo/17.jpg,Emo
LogoDataset2K/Accessories/Bobdog/2.jpg,Bobdog
LogoDataset2K/Accessories/Healing/2.jpg,Healing
LogoDataset2K/Accessories/Churchs/1.jpg,Churchs
LogoDataset2K/Accessories/Domestos/3.jpg,Domestos
LogoDataset2K/Accessories/Quiksilver/14.jpg,Quiksilver
LogoDataset2K/Accessories/Seven/2.jpg,Seven
LogoDataset2K/Accessories/Balance/3.jpg,Balance
LogoDataset2K/Accessories/BACCARAT/5.jpg,BACCARAT
LogoDataset2K/Accessories/Jensen/21.jpg,Jensen
LogoDataset2K/Accessories/Sunrise/25.jpg,Sunrise
LogoDataset2K/Accessories/Cabana/1.jpg,Cabana
LogoDataset2K/Accessories/Sigma/1.jpg,Sigma
LogoDataset2K/Accessories/Centurion/3.jpg,Centurion
LogoDataset2K/Accessories/Casino/1.jpg,Casino
LogoDataset2K/Accessories/Meindl/2.jpg,Meindl
LogoDataset2K/Accessories/Pirates/31.jpg,Pirates
LogoDataset2K/Accessories/NordstromRack/5.jpg,NordstromRack
LogoDataset2K/Accessories/CasaBlanca/10.jpg,CasaBlanca
LogoDataset2K/Accessories/Murray/1.jpg,Murray
LogoDataset2K/Accessories/RedDragnfly/38.jpg,RedDragnfly
LogoDataset2K/Accessories/Thorlos/1.jpg,Thorlos
LogoDataset2K/Accessories/Skechers/2.jpg,Skechers
LogoDataset2K/Accessories/BAE/35.jpg,BAE
LogoDataset2K/Accessories/Brooklyn/1.jpg,Brooklyn
LogoDataset2K/Accessories/Breguet/4.jpg,Breguet
LogoDataset2K/Accessories/Berghaus/12.jpg,Berghaus
LogoDataset2K/Accessories/Etnies/9.jpg,Etnies
LogoDataset2K/Accessories/Heritage/1.jpg,Heritage
LogoDataset2K/Accessories/USTraveler/94.jpg,USTraveler
LogoDataset2K/Accessories/ONeill/1.jpg,ONeill
LogoDataset2K/Accessories/Kendo/9.jpg,Kendo
LogoDataset2K/Accessories/Aurora/1.jpg,Aurora
LogoDataset2K/Accessories/LLoyds/10.jpg,LLoyds
LogoDataset2K/Accessories/ALAN/15.jpg,ALAN
LogoDataset2K/Accessories/Wesson/48.jpg,Wesson
LogoDataset2K/Accessories/Zamberlan/12.jpg,Zamberlan
LogoDataset2K/Accessories/Bona/51.jpg,Bona
LogoDataset2K/Accessories/Primo/20.jpg,Primo
LogoDataset2K/Accessories/ONE/1.jpg,ONE
LogoDataset2K/Accessories/HMT/16.jpg,HMT
LogoDataset2K/Accessories/Tatiana/11.jpg,Tatiana
LogoDataset2K/Accessories/GeorgiaBoot/40.jpg,GeorgiaBoot
LogoDataset2K/Accessories/Thomas/1.jpg,Thomas
LogoDataset2K/Accessories/Premium/9.jpg,Premium
LogoDataset2K/Accessories/Longines/1.jpg,Longines
LogoDataset2K/Accessories/Dor/8.jpg,Dor
LogoDataset2K/Accessories/aceh/3.jpg,aceh
LogoDataset2K/Accessories/Origen/2.jpg,Origen
LogoDataset2K/Accessories/Basso/17.jpg,Basso
LogoDataset2K/Accessories/Joy/13.jpg,Joy
LogoDataset2K/Accessories/Patio/1.jpg,Patio
LogoDataset2K/Accessories/Loveis/3.jpg,Loveis
LogoDataset2K/Accessories/BlackLabelSkateboards/15.jpg,BlackLabelSkateboards
LogoDataset2K/Accessories/Bandit/3.jpg,Bandit
LogoDataset2K/Accessories/Proto/31.jpg,Proto
LogoDataset2K/Accessories/VH/18.jpg,VH
LogoDataset2K/Accessories/Agio/4.jpg,Agio
LogoDataset2K/Accessories/SR/33.jpg,SR
LogoDataset2K/Accessories/Nelson/8.jpg,Nelson
LogoDataset2K/Accessories/DCShoes/3.jpg,DCShoes
LogoDataset2K/Accessories/Carhartt/12.jpg,Carhartt
LogoDataset2K/Accessories/WESCO/1.jpg,WESCO
LogoDataset2K/Accessories/Cresta/1.jpg,Cresta
LogoDataset2K/Accessories/Calypso/39.jpg,Calypso
LogoDataset2K/Accessories/VIA/67.jpg,VIA
LogoDataset2K/Accessories/NEI/23.jpg,NEI
LogoDataset2K/Accessories/Bexley/2.jpg,Bexley
LogoDataset2K/Accessories/Cartier/2.jpg,Cartier
LogoDataset2K/Accessories/Berkshire/15.jpg,Berkshire
LogoDataset2K/Accessories/miffy/2.jpg,miffy
LogoDataset2K/Accessories/Rodenstock/1.jpg,Rodenstock
LogoDataset2K/Accessories/Ashbury/3.jpg,Ashbury
LogoDataset2K/Accessories/Hanwag/8.jpg,Hanwag
LogoDataset2K/Accessories/Krystal/5.jpg,Krystal
LogoDataset2K/Accessories/Aim/10.jpg,Aim
LogoDataset2K/Accessories/Smash/26.jpg,Smash
LogoDataset2K/Accessories/LaneFurniture/47.jpg,LaneFurniture
LogoDataset2K/Accessories/Crown/8.jpg,Crown
LogoDataset2K/Accessories/Weston/1.jpg,Weston
LogoDataset2K/Accessories/Tango/3.jpg,Tango
LogoDataset2K/Accessories/OsirisShoes/1.jpg,OsirisShoes
LogoDataset2K/Accessories/Trix/11.jpg,Trix
LogoDataset2K/Accessories/Tata/1.jpg,Tata
LogoDataset2K/Accessories/Rogue/2.jpg,Rogue
LogoDataset2K/Accessories/Eastpak/1.jpg,Eastpak
LogoDataset2K/Accessories/AtlanticAirlines/1.jpg,AtlanticAirlines
LogoDataset2K/Accessories/NikeSB/19.jpg,NikeSB
LogoDataset2K/Accessories/Bravo/32.jpg,Bravo
LogoDataset2K/Accessories/Akubra/18.jpg,Akubra
LogoDataset2K/Accessories/Panama/1.jpg,Panama
LogoDataset2K/Accessories/Barcelo/9.jpg,Barcelo
LogoDataset2K/Accessories/Nippon/43.jpg,Nippon
LogoDataset2K/Accessories/ara/1.jpg,ara
LogoDataset2K/Accessories/ShakeJunt/17.jpg,ShakeJunt
LogoDataset2K/Accessories/CHRISTOFLE/1.jpg,CHRISTOFLE
LogoDataset2K/Accessories/Sunlight/1.jpg,Sunlight
LogoDataset2K/Accessories/Time/10.jpg,Time
LogoDataset2K/Accessories/Unox/1.jpg,Unox
LogoDataset2K/Accessories/Patron/5.jpg,Patron
LogoDataset2K/Accessories/Lowepro/3.jpg,Lowepro
LogoDataset2K/Accessories/KYOCERA/21.jpg,KYOCERA
LogoDataset2K/Accessories/Artemide/12.jpg,Artemide
LogoDataset2K/Accessories/MARCBYMARCJACOBS/18.jpg,MARCBYMARCJACOBS
LogoDataset2K/Accessories/Titus/55.jpg,Titus
LogoDataset2K/Accessories/Trio/66.jpg,Trio
LogoDataset2K/Accessories/Vault/23.jpg,Vault
LogoDataset2K/Accessories/Tretorn/2.jpg,Tretorn
LogoDataset2K/Accessories/Aetrex/13.jpg,Aetrex
LogoDataset2K/Accessories/MBT/3.jpg,MBT
LogoDataset2K/Accessories/Vasque/1.jpg,Vasque
LogoDataset2K/Accessories/TIGI/13.jpg,TIGI
LogoDataset2K/Accessories/Allstar/1.jpg,Allstar
LogoDataset2K/Accessories/BOSS/76.jpg,BOSS
LogoDataset2K/Accessories/Supreme/12.jpg,Supreme
LogoDataset2K/Accessories/Buxton/7.jpg,Buxton
LogoDataset2K/Accessories/Hammary/60.jpg,Hammary
LogoDataset2K/Accessories/Matchmakers/1.jpg,Matchmakers
LogoDataset2K/Accessories/Ace/2.jpg,Ace
LogoDataset2K/Accessories/Estrella/2.jpg,Estrella
LogoDataset2K/Accessories/Brooke/2.jpg,Brooke
LogoDataset2K/Accessories/Sterling/8.jpg,Sterling
LogoDataset2K/Accessories/SpiderMan/1.jpg,SpiderMan
LogoDataset2K/Accessories/Baba/42.jpg,Baba
LogoDataset2K/Accessories/swan/20.jpg,swan
LogoDataset2K/Accessories/PG/20.jpg,PG
LogoDataset2K/Accessories/DonJose/1.jpg,DonJose
LogoDataset2K/Accessories/TAGHeuer/2.jpg,TAGHeuer
LogoDataset2K/Accessories/Lloyd/9.jpg,Lloyd
LogoDataset2K/Accessories/Vargas/1.jpg,Vargas
LogoDataset2K/Accessories/Emerica/45.jpg,Emerica
LogoDataset2K/Accessories/Atlantic/10.jpg,Atlantic
LogoDataset2K/Accessories/Summit/15.jpg,Summit
LogoDataset2K/Accessories/Xtep/25.jpg,Xtep
LogoDataset2K/Accessories/Steel/1.jpg,Steel
LogoDataset2K/Accessories/DUX/37.jpg,DUX
LogoDataset2K/Accessories/Avanti/82.jpg,Avanti
LogoDataset2K/Accessories/Realtor/12.jpg,Realtor
LogoDataset2K/Accessories/Boscovs/27.jpg,Boscovs
LogoDataset2K/Accessories/DY/1.jpg,DY
LogoDataset2K/Accessories/Mendocino/46.jpg,Mendocino
LogoDataset2K/Accessories/MaverikInc/1.jpg,MaverikInc
LogoDataset2K/Accessories/Klogs/1.jpg,Klogs
LogoDataset2K/Accessories/Nerds/21.jpg,Nerds
LogoDataset2K/Accessories/Leaf/12.jpg,Leaf
LogoDataset2K/Accessories/Crumpler/1.jpg,Crumpler
LogoDataset2K/Accessories/BridgePort/12.jpg,BridgePort
LogoDataset2K/Accessories/PacSun/1.jpg,PacSun
LogoDataset2K/Accessories/CMC/1.jpg,CMC
LogoDataset2K/Accessories/Howard/18.jpg,Howard
LogoDataset2K/Accessories/Tombstone/1.jpg,Tombstone
LogoDataset2K/Accessories/Crystal/1.jpg,Crystal
LogoDataset2K/Accessories/Look/12.jpg,Look
LogoDataset2K/Accessories/Memphis/31.jpg,Memphis
LogoDataset2K/Accessories/Redline/7.jpg,Redline
LogoDataset2K/Accessories/Dansko/9.jpg,Dansko
LogoDataset2K/Accessories/Dignity/1.jpg,Dignity
LogoDataset2K/Accessories/Phillies/1.jpg,Phillies
LogoDataset2K/Accessories/Elbe/3.jpg,Elbe
LogoDataset2K/Accessories/Hamilton/1.jpg,Hamilton
LogoDataset2K/Accessories/CMAirways/10.jpg,CMAirways
LogoDataset2K/Accessories/Sennheiser/1.jpg,Sennheiser
LogoDataset2K/Accessories/TeenageMutantNinjaTurtles/1.jpg,TeenageMutantNinjaTurtles
LogoDataset2K/Accessories/Goya/21.jpg,Goya
LogoDataset2K/Accessories/Romika/1.jpg,Romika
LogoDataset2K/Accessories/Trebor/64.jpg,Trebor
LogoDataset2K/Accessories/Colt/1.jpg,Colt
LogoDataset2K/Accessories/Lexington/2.jpg,Lexington
LogoDataset2K/Accessories/Monopoly/23.jpg,Monopoly
LogoDataset2K/Accessories/Butler/27.jpg,Butler
LogoDataset2K/Accessories/Meijer/1.jpg,Meijer
LogoDataset2K/Accessories/Hoffman/12.jpg,Hoffman
LogoDataset2K/Accessories/ManhattanPortage/3.jpg,ManhattanPortage
LogoDataset2K/Accessories/Converse/3.jpg,Converse
LogoDataset2K/Accessories/Riley/1.jpg,Riley
LogoDataset2K/Accessories/TheSimpsons/6.jpg,TheSimpsons
LogoDataset2K/Accessories/BT/3.jpg,BT
LogoDataset2K/Medical/Clinic/4.jpg,Clinic
LogoDataset2K/Medical/Impact/17.jpg,Impact
LogoDataset2K/Medical/Blaser/4.jpg,Blaser
LogoDataset2K/Medical/Clinica/4.jpg,Clinica
LogoDataset2K/Medical/CBD/4.jpg,CBD
LogoDataset2K/Medical/BrasilMovimento/15.jpg,BrasilMovimento
LogoDataset2K/Medical/KirklandSignature/1.jpg,KirklandSignature
LogoDataset2K/Medical/Sushida/1.jpg,Sushida
LogoDataset2K/Medical/saky/1.jpg,saky
LogoDataset2K/Medical/Albertsons/1.jpg,Albertsons
LogoDataset2K/Medical/Swiss/1.jpg,Swiss
LogoDataset2K/Medical/Efferalgan/3.jpg,Efferalgan
LogoDataset2K/Medical/Lacto/6.jpg,Lacto
LogoDataset2K/Medical/Rexel/3.jpg,Rexel
LogoDataset2K/Medical/Panago/2.jpg,Panago
LogoDataset2K/Medical/Panadol/4.jpg,Panadol
LogoDataset2K/Medical/Musashi/1.jpg,Musashi
LogoDataset2K/Medical/TomsofMaine/1.jpg,TomsofMaine
LogoDataset2K/Medical/Pepsodent/15.jpg,Pepsodent
LogoDataset2K/Medical/Herron/16.jpg,Herron
LogoDataset2K/Medical/Hospitals/14.jpg,Hospitals
LogoDataset2K/Medical/jinsangzi/19.jpg,jinsangzi
LogoDataset2K/Medical/Tamarind/6.jpg,Tamarind
LogoDataset2K/Medical/TexasInstruments/1.jpg,TexasInstruments
LogoDataset2K/Medical/SchneiderElectric/5.jpg,SchneiderElectric
LogoDataset2K/Medical/Peppersmith/1.jpg,Peppersmith
LogoDataset2K/Medical/CTC/18.jpg,CTC
LogoDataset2K/Medical/Lifebuoy/1.jpg,Lifebuoy
LogoDataset2K/Medical/Nicorette/2.jpg,Nicorette
LogoDataset2K/Medical/Brandt/7.jpg,Brandt
LogoDataset2K/Medical/Triaminic/1.jpg,Triaminic
LogoDataset2K/Medical/Calpol/1.jpg,Calpol
LogoDataset2K/Medical/Raisin/2.jpg,Raisin
LogoDataset2K/Medical/BottleCaps/4.jpg,BottleCaps
LogoDataset2K/Medical/Sunstar/2.jpg,Sunstar
LogoDataset2K/Medical/PerkinElmer/3.jpg,PerkinElmer
LogoDataset2K/Medical/Lexi/4.jpg,Lexi
LogoDataset2K/Medical/Sensodyne/5.jpg,Sensodyne
LogoDataset2K/Medical/Prodent/1.jpg,Prodent
LogoDataset2K/Medical/Angelina/6.jpg,Angelina
LogoDataset2K/Medical/BacktoNature1/1.jpg,BacktoNature1
LogoDataset2K/Medical/Becel/4.jpg,Becel
LogoDataset2K/Medical/Caress/9.jpg,Caress
LogoDataset2K/Medical/Colgate/1.jpg,Colgate
LogoDataset2K/Medical/Alcon/5.jpg,Alcon
LogoDataset2K/Medical/Therabreath/2.jpg,Therabreath
LogoDataset2K/Medical/Apiretal/44.jpg,Apiretal
LogoDataset2K/Electronic/Tab/10.jpg,Tab
LogoDataset2K/Electronic/Asus/27.jpg,Asus
LogoDataset2K/Electronic/Telefunken/45.jpg,Telefunken
LogoDataset2K/Electronic/Merrell/2.jpg,Merrell
LogoDataset2K/Electronic/CCE/2.jpg,CCE
LogoDataset2K/Electronic/Kicker/12.jpg,Kicker
LogoDataset2K/Electronic/CiscoSystems/27.jpg,CiscoSystems
LogoDataset2K/Electronic/Technics/1.jpg,Technics
LogoDataset2K/Electronic/DaewooElectronics/47.jpg,DaewooElectronics
LogoDataset2K/Electronic/Leica/1.jpg,Leica
LogoDataset2K/Electronic/Thomson/27.jpg,Thomson
LogoDataset2K/Electronic/Sharp/14.jpg,Sharp
LogoDataset2K/Electronic/Amoi/39.jpg,Amoi
LogoDataset2K/Electronic/BBK/35.jpg,BBK
LogoDataset2K/Electronic/KEF/12.jpg,KEF
LogoDataset2K/Electronic/SeaSea/77.jpg,SeaSea
LogoDataset2K/Electronic/Gateway/52.jpg,Gateway
LogoDataset2K/Electronic/Logitech/9.jpg,Logitech
LogoDataset2K/Electronic/huawei/4.jpg,huawei
LogoDataset2K/Electronic/HighPoint/26.jpg,HighPoint
LogoDataset2K/Electronic/DELONGHI/6.jpg,DELONGHI
LogoDataset2K/Electronic/samsung/29.jpg,samsung
LogoDataset2K/Electronic/Contax/1.jpg,Contax
LogoDataset2K/Electronic/ECS/93.jpg,ECS
LogoDataset2K/Electronic/Honeywell/81.jpg,Honeywell
LogoDataset2K/Electronic/HTC/13.jpg,HTC
LogoDataset2K/Electronic/SharpCorporation/11.jpg,SharpCorporation
LogoDataset2K/Electronic/hp/23.jpg,hp
LogoDataset2K/Electronic/HughesKettner/12.jpg,HughesKettner
LogoDataset2K/Electronic/eMachines/5.jpg,eMachines
LogoDataset2K/Electronic/Asusu/21.jpg,Asusu
LogoDataset2K/Electronic/Mamiya/29.jpg,Mamiya
LogoDataset2K/Electronic/Kenko/19.jpg,Kenko
LogoDataset2K/Electronic/TCL/47.jpg,TCL
LogoDataset2K/Electronic/Philco/12.jpg,Philco
LogoDataset2K/Electronic/SPECK/37.jpg,SPECK
LogoDataset2K/Electronic/Akai/52.jpg,Akai
LogoDataset2K/Electronic/Punch/13.jpg,Punch
LogoDataset2K/Electronic/Epson/26.jpg,Epson
LogoDataset2K/Electronic/Fram/50.jpg,Fram
LogoDataset2K/Electronic/Calumet/23.jpg,Calumet
LogoDataset2K/Electronic/Compact/50.jpg,Compact
LogoDataset2K/Electronic/Olympus/4.jpg,Olympus
LogoDataset2K/Electronic/Aya/28.jpg,Aya
LogoDataset2K/Electronic/IQinVision/5.jpg,IQinVision
LogoDataset2K/Electronic/Meopta/2.jpg,Meopta
LogoDataset2K/Electronic/Seitz/55.jpg,Seitz
LogoDataset2K/Electronic/TMA/35.jpg,TMA
LogoDataset2K/Electronic/Microsoft/32.jpg,Microsoft
LogoDataset2K/Electronic/Boses/1.jpg,Boses
LogoDataset2K/Electronic/HCL/23.jpg,HCL
LogoDataset2K/Electronic/Minolta/70.jpg,Minolta
LogoDataset2K/Electronic/Acer/3.jpg,Acer
LogoDataset2K/Electronic/Apple/14.jpg,Apple
LogoDataset2K/Electronic/Amkette/12.jpg,Amkette
LogoDataset2K/Electronic/MOPHIE/44.jpg,MOPHIE
LogoDataset2K/Electronic/Sampo/18.jpg,Sampo
LogoDataset2K/Electronic/Beacon/29.jpg,Beacon
LogoDataset2K/Electronic/DLink/33.jpg,DLink
LogoDataset2K/Electronic/Ainol/12.jpg,Ainol
LogoDataset2K/Electronic/Fujitsu/1.jpg,Fujitsu
LogoDataset2K/Electronic/Sansui/13.jpg,Sansui
LogoDataset2K/Electronic/BCP/28.jpg,BCP
LogoDataset2K/Electronic/ManOWar/12.jpg,ManOWar
LogoDataset2K/Electronic/Pantech/33.jpg,Pantech
LogoDataset2K/Electronic/Trust/14.jpg,Trust
LogoDataset2K/Electronic/Kodak/1.jpg,Kodak
LogoDataset2K/Electronic/LiteOn/8.jpg,LiteOn
LogoDataset2K/Electronic/Applek/14.jpg,Applek
LogoDataset2K/Electronic/SPC/23.jpg,SPC
LogoDataset2K/Electronic/IlfordPhoto/48.jpg,IlfordPhoto
LogoDataset2K/Electronic/ProLine/38.jpg,ProLine
LogoDataset2K/Electronic/BangOlufsen/79.jpg,BangOlufsen
LogoDataset2K/Electronic/SonyEricsson/17.jpg,SonyEricsson
LogoDataset2K/Electronic/Kapsch/38.jpg,Kapsch
LogoDataset2K/Electronic/SAGEMCOM/7.jpg,SAGEMCOM
LogoDataset2K/Electronic/Gorenje/4.jpg,Gorenje
LogoDataset2K/Electronic/Pentium/34.jpg,Pentium
LogoDataset2K/Electronic/Teleavia/52.jpg,Teleavia
LogoDataset2K/Electronic/AndreaElectronics/31.jpg,AndreaElectronics
LogoDataset2K/Electronic/Arm/53.jpg,Arm
LogoDataset2K/Electronic/Arm/12.jpg,Arm
LogoDataset2K/Electronic/Arm/6.jpg,Arm
LogoDataset2K/Electronic/Arm/45.jpg,Arm
LogoDataset2K/Electronic/Arm/44.jpg,Arm
LogoDataset2K/Electronic/Arm/25.jpg,Arm
LogoDataset2K/Electronic/Arm/51.jpg,Arm
LogoDataset2K/Electronic/Arm/69.jpg,Arm
LogoDataset2K/Electronic/Arm/60.jpg,Arm
LogoDataset2K/Electronic/Arm/2.jpg,Arm
LogoDataset2K/Electronic/Arm/47.jpg,Arm
LogoDataset2K/Electronic/Arm/61.jpg,Arm
LogoDataset2K/Electronic/Arm/49.jpg,Arm
LogoDataset2K/Electronic/Arm/7.jpg,Arm
LogoDataset2K/Electronic/Arm/64.jpg,Arm
LogoDataset2K/Electronic/Arm/9.jpg,Arm
LogoDataset2K/Electronic/Arm/54.jpg,Arm
LogoDataset2K/Electronic/Arm/50.jpg,Arm
LogoDataset2K/Electronic/Arm/18.jpg,Arm
LogoDataset2K/Electronic/Arm/15.jpg,Arm
LogoDataset2K/Electronic/Arm/14.jpg,Arm
LogoDataset2K/Electronic/Arm/32.jpg,Arm
LogoDataset2K/Electronic/Arm/42.jpg,Arm
LogoDataset2K/Electronic/Arm/41.jpg,Arm
LogoDataset2K/Electronic/Arm/34.jpg,Arm
LogoDataset2K/Electronic/Arm/30.jpg,Arm
LogoDataset2K/Electronic/Arm/36.jpg,Arm
LogoDataset2K/Electronic/Arm/19.jpg,Arm
LogoDataset2K/Electronic/Arm/29.jpg,Arm
LogoDataset2K/Electronic/Arm/35.jpg,Arm
LogoDataset2K/Electronic/Arm/28.jpg,Arm
LogoDataset2K/Electronic/Arm/23.jpg,Arm
LogoDataset2K/Electronic/Arm/37.jpg,Arm
LogoDataset2K/Electronic/Arm/52.jpg,Arm
LogoDataset2K/Electronic/Arm/1.jpg,Arm
LogoDataset2K/Electronic/Arm/13.jpg,Arm
LogoDataset2K/Electronic/Arm/27.jpg,Arm
LogoDataset2K/Electronic/Arm/59.jpg,Arm
LogoDataset2K/Electronic/Arm/38.jpg,Arm
LogoDataset2K/Electronic/Arm/55.jpg,Arm
LogoDataset2K/Electronic/Arm/11.jpg,Arm
LogoDataset2K/Electronic/Arm/4.jpg,Arm
LogoDataset2K/Electronic/Arm/66.jpg,Arm
LogoDataset2K/Electronic/Arm/22.jpg,Arm
LogoDataset2K/Electronic/Arm/65.jpg,Arm
LogoDataset2K/Electronic/Arm/3.jpg,Arm
LogoDataset2K/Electronic/Arm/21.jpg,Arm
LogoDataset2K/Electronic/Arm/40.jpg,Arm
LogoDataset2K/Electronic/Arm/67.jpg,Arm
LogoDataset2K/Electronic/Arm/56.jpg,Arm
LogoDataset2K/Electronic/Arm/57.jpg,Arm
LogoDataset2K/Electronic/Arm/20.jpg,Arm
LogoDataset2K/Electronic/Arm/5.jpg,Arm
LogoDataset2K/Electronic/Arm/8.jpg,Arm
LogoDataset2K/Electronic/Arm/62.jpg,Arm
LogoDataset2K/Electronic/Arm/58.jpg,Arm
LogoDataset2K/Electronic/Arm/24.jpg,Arm
LogoDataset2K/Electronic/Arm/31.jpg,Arm
LogoDataset2K/Electronic/Arm/43.jpg,Arm
LogoDataset2K/Electronic/Arm/10.jpg,Arm
LogoDataset2K/Electronic/Arm/17.jpg,Arm
LogoDataset2K/Electronic/Arm/48.jpg,Arm
LogoDataset2K/Electronic/Arm/26.jpg,Arm
LogoDataset2K/Electronic/Arm/33.jpg,Arm
LogoDataset2K/Electronic/Arm/68.jpg,Arm
LogoDataset2K/Electronic/Arm/46.jpg,Arm
LogoDataset2K/Electronic/Arm/39.jpg,Arm
LogoDataset2K/Electronic/Arm/16.jpg,Arm
LogoDataset2K/Electronic/Arm/63.jpg,Arm
LogoDataset2K/Electronic/MSI/2.jpg,MSI
LogoDataset2K/Electronic/LIVESCRIBE/32.jpg,LIVESCRIBE
LogoDataset2K/Electronic/Iiyama/9.jpg,Iiyama
LogoDataset2K/Electronic/Sinclair/5.jpg,Sinclair
LogoDataset2K/Electronic/Agfa/46.jpg,Agfa
LogoDataset2K/Electronic/Toshiba/51.jpg,Toshiba
LogoDataset2K/Electronic/Calistoga/25.jpg,Calistoga
LogoDataset2K/Electronic/Leupold/23.jpg,Leupold
LogoDataset2K/Electronic/Acerr/14.jpg,Acerr
LogoDataset2K/Electronic/Multitech/38.jpg,Multitech
LogoDataset2K/Electronic/SEG/8.jpg,SEG
LogoDataset2K/Electronic/Hisense/19.jpg,Hisense
LogoDataset2K/Electronic/Polaroid/23.jpg,Polaroid
LogoDataset2K/Electronic/BEATSBYDRE/47.jpg,BEATSBYDRE
LogoDataset2K/Electronic/Digital/1.jpg,Digital
LogoDataset2K/Electronic/Grundig/1.jpg,Grundig
LogoDataset2K/Electronic/motorola/3.jpg,motorola
LogoDataset2K/Electronic/Clarion/16.jpg,Clarion
LogoDataset2K/Electronic/Sakura/19.jpg,Sakura
LogoDataset2K/Electronic/Connector/17.jpg,Connector
LogoDataset2K/Electronic/Bayern/1.jpg,Bayern
LogoDataset2K/Electronic/Contec/45.jpg,Contec
LogoDataset2K/Electronic/Contour/3.jpg,Contour
LogoDataset2K/Electronic/Walton/1.jpg,Walton
LogoDataset2K/Electronic/Philips/1.jpg,Philips
LogoDataset2K/Electronic/BOSE/28.jpg,BOSE
LogoDataset2K/Electronic/AMD/3.jpg,AMD
LogoDataset2K/Electronic/Prima/22.jpg,Prima
LogoDataset2K/Electronic/Havells/5.jpg,Havells
LogoDataset2K/Electronic/Bazooka/34.jpg,Bazooka
LogoDataset2K/Electronic/Dell/51.jpg,Dell
LogoDataset2K/Electronic/ElDorado/34.jpg,ElDorado
LogoDataset2K/Electronic/HEC/70.jpg,HEC
LogoDataset2K/Electronic/LifeSize/23.jpg,LifeSize
LogoDataset2K/Electronic/Marshall/3.jpg,Marshall
LogoDataset2K/Electronic/TMB/23.jpg,TMB
LogoDataset2K/Electronic/BLACKBERRY/7.jpg,BLACKBERRY
LogoDataset2K/Electronic/Cybertron/38.jpg,Cybertron
LogoDataset2K/Electronic/Casio/2.jpg,Casio
LogoDataset2K/Electronic/BTC/13.jpg,BTC
LogoDataset2K/Electronic/GoPro/63.jpg,GoPro
LogoDataset2K/Electronic/KonicaMinolta/41.jpg,KonicaMinolta
LogoDataset2K/Electronic/IFR/10.jpg,IFR
LogoDataset2K/Electronic/Tunes/56.jpg,Tunes
LogoDataset2K/Electronic/Transcend/37.jpg,Transcend
LogoDataset2K/Electronic/Jenoptik/23.jpg,Jenoptik
LogoDataset2K/Electronic/IBM/61.jpg,IBM
LogoDataset2K/Electronic/SantaRosa/1.jpg,SantaRosa
LogoDataset2K/Electronic/LG/50.jpg,LG
LogoDataset2K/Electronic/Dayton/73.jpg,Dayton
LogoDataset2K/Electronic/ASL/76.jpg,ASL
LogoDataset2K/Electronic/Planar/7.jpg,Planar
LogoDataset2K/Electronic/Amstrad/12.jpg,Amstrad
LogoDataset2K/Electronic/Sibelius/13.jpg,Sibelius
LogoDataset2K/Electronic/Mobotix/71.jpg,Mobotix
LogoDataset2K/Electronic/DEVOLO/1.jpg,DEVOLO
LogoDataset2K/Electronic/Dawa/9.jpg,Dawa
LogoDataset2K/Electronic/KINGSTON/50.jpg,KINGSTON
LogoDataset2K/Electronic/Magnafon/30.jpg,Magnafon
LogoDataset2K/Electronic/Teletech/19.jpg,Teletech
LogoDataset2K/Electronic/RCA/25.jpg,RCA
LogoDataset2K/Electronic/Cooke/35.jpg,Cooke
LogoDataset2K/Electronic/Astro/12.jpg,Astro
LogoDataset2K/Electronic/Nikon/12.jpg,Nikon
LogoDataset2K/Electronic/Suzuki/23.jpg,Suzuki
LogoDataset2K/Electronic/Orbit/15.jpg,Orbit
LogoDataset2K/Electronic/SVA/24.jpg,SVA
LogoDataset2K/Electronic/National/52.jpg,National
LogoDataset2K/Electronic/Pioneer/4.jpg,Pioneer
LogoDataset2K/Electronic/oppo/23.jpg,oppo
LogoDataset2K/Electronic/Breaker/23.jpg,Breaker
LogoDataset2K/Electronic/Lenovo/6.jpg,Lenovo
LogoDataset2K/Electronic/MediaTek/27.jpg,MediaTek
LogoDataset2K/Electronic/Pathe/26.jpg,Pathe
LogoDataset2K/Electronic/HewlettPackard/11.jpg,HewlettPackard
LogoDataset2K/Electronic/Ricoh/36.jpg,Ricoh
LogoDataset2K/Electronic/GoldStar/30.jpg,GoldStar
LogoDataset2K/Electronic/RBM/1.jpg,RBM
LogoDataset2K/Electronic/Universum/58.jpg,Universum
LogoDataset2K/Electronic/JLAudio/25.jpg,JLAudio
LogoDataset2K/Electronic/Vim/48.jpg,Vim
LogoDataset2K/Electronic/Sinar/7.jpg,Sinar
LogoDataset2K/Electronic/Vive/12.jpg,Vive
LogoDataset2K/Electronic/Hitachi/34.jpg,Hitachi
LogoDataset2K/Electronic/PhaseOne/5.jpg,PhaseOne
LogoDataset2K/Electronic/Sanyo/39.jpg,Sanyo
LogoDataset2K/Electronic/VIT/31.jpg,VIT
LogoDataset2K/Electronic/Avaya/25.jpg,Avaya
LogoDataset2K/Electronic/AERIAL7/10.jpg,AERIAL7
LogoDataset2K/Electronic/Haier/1.jpg,Haier
LogoDataset2K/Electronic/Start/61.jpg,Start
LogoDataset2K/Electronic/BlueStar/76.jpg,BlueStar
LogoDataset2K/Electronic/Hypson/13.jpg,Hypson
LogoDataset2K/Electronic/Genius/34.jpg,Genius
LogoDataset2K/Electronic/Vestel/14.jpg,Vestel
LogoDataset2K/Electronic/Currys/30.jpg,Currys
LogoDataset2K/Electronic/Denver/43.jpg,Denver
LogoDataset2K/Electronic/San/28.jpg,San
LogoDataset2K/Electronic/sony/20.jpg,sony
LogoDataset2K/Electronic/Fujifilm/46.jpg,Fujifilm
LogoDataset2K/Electronic/Premier/25.jpg,Premier
LogoDataset2K/Electronic/Dimension/40.jpg,Dimension
LogoDataset2K/Electronic/Aiptek/34.jpg,Aiptek
LogoDataset2K/Electronic/Panasonic/63.jpg,Panasonic
LogoDataset2K/Electronic/Leadtek/27.jpg,Leadtek
LogoDataset2K/Electronic/Intel/1.jpg,Intel
LogoDataset2K/Electronic/Metz/71.jpg,Metz
LogoDataset2K/Electronic/Medion/1.jpg,Medion
LogoDataset2K/Institution/Arnotts/30.jpg,Arnotts
LogoDataset2K/Institution/LosAngelesInternationalAirport/1.jpg,LosAngelesInternationalAirport
LogoDataset2K/Institution/PEL/1.jpg,PEL
LogoDataset2K/Institution/Neckermann/6.jpg,Neckermann
LogoDataset2K/Institution/IHOP/9.jpg,IHOP
LogoDataset2K/Institution/DaveBusters/2.jpg,DaveBusters
LogoDataset2K/Institution/AllegiantAir/12.jpg,AllegiantAir
LogoDataset2K/Institution/Axis/1.jpg,Axis
LogoDataset2K/Institution/ProjectEden/1.jpg,ProjectEden
LogoDataset2K/Institution/DeerPark/13.jpg,DeerPark
LogoDataset2K/Institution/Gambit/1.jpg,Gambit
LogoDataset2K/Institution/Eclipse/14.jpg,Eclipse
LogoDataset2K/Institution/TIANCAI/6.jpg,TIANCAI
LogoDataset2K/Institution/BANKOFCHINA/7.jpg,BANKOFCHINA
LogoDataset2K/Institution/JohnDeere/16.jpg,JohnDeere
LogoDataset2K/Institution/Citgo/1.jpg,Citgo
LogoDataset2K/Institution/RedBarn/2.jpg,RedBarn
LogoDataset2K/Institution/PAM/5.jpg,PAM
LogoDataset2K/Institution/LambWeston/4.jpg,LambWeston
LogoDataset2K/Institution/EagleBoys/32.jpg,EagleBoys
LogoDataset2K/Institution/ThreeA/7.jpg,ThreeA
LogoDataset2K/Institution/Zar/6.jpg,Zar
LogoDataset2K/Institution/Fuddruckers/13.jpg,Fuddruckers
LogoDataset2K/Institution/PINGAN/1.jpg,PINGAN
LogoDataset2K/Institution/Stouffers/4.jpg,Stouffers
LogoDataset2K/Institution/Massmart/1.jpg,Massmart
LogoDataset2K/Institution/Windermere/6.jpg,Windermere
LogoDataset2K/Institution/Marshalls/3.jpg,Marshalls
LogoDataset2K/Institution/Winterfest/18.jpg,Winterfest
LogoDataset2K/Institution/Indian/1.jpg,Indian
LogoDataset2K/Institution/AmerijetInternational/1.jpg,AmerijetInternational
LogoDataset2K/Institution/Moultrie/5.jpg,Moultrie
LogoDataset2K/Institution/ArcticCircleRestaurants/1.jpg,ArcticCircleRestaurants
LogoDataset2K/Institution/ChoiceHotels/15.jpg,ChoiceHotels
LogoDataset2K/Institution/AOC/5.jpg,AOC
LogoDataset2K/Institution/Aopen/2.jpg,Aopen
LogoDataset2K/Institution/BOSCH/3.jpg,BOSCH
LogoDataset2K/Institution/BlackeyedPea/17.jpg,BlackeyedPea
LogoDataset2K/Institution/LongJohnSilvers/4.jpg,LongJohnSilvers
LogoDataset2K/Institution/GroundRound/23.jpg,GroundRound
LogoDataset2K/Institution/Uny/4.jpg,Uny
LogoDataset2K/Institution/Granville/5.jpg,Granville
LogoDataset2K/Institution/DollarGeneral/7.jpg,DollarGeneral
LogoDataset2K/Institution/woolworths/1.jpg,woolworths
LogoDataset2K/Institution/Chubbys/29.jpg,Chubbys
LogoDataset2K/Institution/Britvic/10.jpg,Britvic
LogoDataset2K/Institution/CBS/1.jpg,CBS
LogoDataset2K/Institution/Durea/5.jpg,Durea
LogoDataset2K/Institution/Cenex/15.jpg,Cenex
LogoDataset2K/Institution/Ibis/4.jpg,Ibis
LogoDataset2K/Institution/HongKong/3.jpg,HongKong
LogoDataset2K/Institution/PlanetHollywood/3.jpg,PlanetHollywood
LogoDataset2K/Institution/Tallgrass/1.jpg,Tallgrass
LogoDataset2K/Institution/RadissonHotels/4.jpg,RadissonHotels
LogoDataset2K/Institution/Tres/1.jpg,Tres
LogoDataset2K/Institution/Frisco/1.jpg,Frisco
LogoDataset2K/Institution/Estuary/2.jpg,Estuary
LogoDataset2K/Institution/CTG/8.jpg,CTG
LogoDataset2K/Institution/Pertamina/3.jpg,Pertamina
LogoDataset2K/Institution/Rahr/5.jpg,Rahr
LogoDataset2K/Institution/MackDavesDepartmentStore/3.jpg,MackDavesDepartmentStore
LogoDataset2K/Institution/Aldi/16.jpg,Aldi
LogoDataset2K/Institution/JD/3.jpg,JD
LogoDataset2K/Institution/SGI/1.jpg,SGI
LogoDataset2K/Institution/Picnic/1.jpg,Picnic
LogoDataset2K/Institution/Zaxbys/10.jpg,Zaxbys
LogoDataset2K/Institution/Checkers/14.jpg,Checkers
LogoDataset2K/Institution/MadRiver/1.jpg,MadRiver
LogoDataset2K/Institution/AlohaAirCargo/1.jpg,AlohaAirCargo
LogoDataset2K/Institution/Exxon/10.jpg,Exxon
LogoDataset2K/Institution/JLancasterSon/5.jpg,JLancasterSon
LogoDataset2K/Institution/Voice/4.jpg,Voice
LogoDataset2K/Institution/Heartland/6.jpg,Heartland
LogoDataset2K/Institution/Greensboro/3.jpg,Greensboro
LogoDataset2K/Institution/Fresca/3.jpg,Fresca
LogoDataset2K/Institution/Gales/17.jpg,Gales
LogoDataset2K/Institution/INDUSTRIALANDCOMMERCIALBANKOFCHINA/1.jpg,INDUSTRIALANDCOMMERCIALBANKOFCHINA
LogoDataset2K/Institution/Traveler/1.jpg,Traveler
LogoDataset2K/Institution/APAP/37.jpg,APAP
LogoDataset2K/Institution/Allbright/5.jpg,Allbright
LogoDataset2K/Institution/STO/5.jpg,STO
LogoDataset2K/Institution/Fairbanks/1.jpg,Fairbanks
LogoDataset2K/Institution/FujiXerox/3.jpg,FujiXerox
LogoDataset2K/Institution/Granada/14.jpg,Granada
LogoDataset2K/Institution/Marmara/4.jpg,Marmara
LogoDataset2K/Institution/Super8/17.jpg,Super8
LogoDataset2K/Institution/Auchan/30.jpg,Auchan
LogoDataset2K/Institution/ABXAir/1.jpg,ABXAir
LogoDataset2K/Institution/Esso/1.jpg,Esso
LogoDataset2K/Institution/GE/1.jpg,GE
LogoDataset2K/Institution/GasRite/2.jpg,GasRite
LogoDataset2K/Institution/BaiDu/9.jpg,BaiDu
LogoDataset2K/Institution/Argosy/3.jpg,Argosy
LogoDataset2K/Institution/Paris/1.jpg,Paris
LogoDataset2K/Institution/AmazonatLab126/14.jpg,AmazonatLab126
LogoDataset2K/Institution/Anitech/9.jpg,Anitech
LogoDataset2K/Institution/YahooMessenger/13.jpg,YahooMessenger
LogoDataset2K/Institution/AirEvac/14.jpg,AirEvac
LogoDataset2K/Institution/AmeristarAirCargo/1.jpg,AmeristarAirCargo
LogoDataset2K/Institution/EMS/7.jpg,EMS
LogoDataset2K/Institution/Greenergy/2.jpg,Greenergy
LogoDataset2K/Institution/MarathonPetroleum/1.jpg,MarathonPetroleum
LogoDataset2K/Institution/CHINACITIC/13.jpg,CHINACITIC
LogoDataset2K/Institution/SmartStart/5.jpg,SmartStart
LogoDataset2K/Institution/Robinsons/6.jpg,Robinsons
LogoDataset2K/Institution/Asda/25.jpg,Asda
LogoDataset2K/Institution/Java/2.jpg,Java
LogoDataset2K/Institution/MaxErmas/1.jpg,MaxErmas
LogoDataset2K/Institution/JPMorgan/25.jpg,JPMorgan
LogoDataset2K/Institution/Eatit/5.jpg,Eatit
LogoDataset2K/Institution/Ritz/5.jpg,Ritz
LogoDataset2K/Institution/Krush/13.jpg,Krush
LogoDataset2K/Institution/Uway/4.jpg,Uway
LogoDataset2K/Institution/HMV/3.jpg,HMV
LogoDataset2K/Institution/AlaskaAirlines/13.jpg,AlaskaAirlines
LogoDataset2K/Institution/Intermarche/21.jpg,Intermarche
LogoDataset2K/Institution/Toronto/3.jpg,Toronto
LogoDataset2K/Institution/CHS/16.jpg,CHS
LogoDataset2K/Institution/AirCargoCarriers/23.jpg,AirCargoCarriers
LogoDataset2K/Institution/CTS/16.jpg,CTS
LogoDataset2K/Institution/Frys/4.jpg,Frys
LogoDataset2K/Institution/Munchies/4.jpg,Munchies
LogoDataset2K/Institution/Arrowhead/20.jpg,Arrowhead
LogoDataset2K/Institution/Ameriflight/17.jpg,Ameriflight
LogoDataset2K/Institution/RedRock/5.jpg,RedRock
LogoDataset2K/Institution/OCharleys/5.jpg,OCharleys
LogoDataset2K/Institution/AmericanAirlines/1.jpg,AmericanAirlines
LogoDataset2K/Institution/Ampeg/7.jpg,Ampeg
LogoDataset2K/Institution/GulfOil/3.jpg,GulfOil
LogoDataset2K/Institution/WinnDixie/18.jpg,WinnDixie
LogoDataset2K/Institution/Google/7.jpg,Google
LogoDataset2K/Institution/Apex/1.jpg,Apex
LogoDataset2K/Institution/Tiffin/4.jpg,Tiffin
LogoDataset2K/Institution/Argo/5.jpg,Argo
LogoDataset2K/Institution/TECO/1.jpg,TECO
LogoDataset2K/Institution/JVC/1.jpg,JVC
LogoDataset2K/Institution/Dollar/42.jpg,Dollar
LogoDataset2K/Institution/Westfield/18.jpg,Westfield
LogoDataset2K/Institution/ET/25.jpg,ET
LogoDataset2K/Institution/Kmart/4.jpg,Kmart
LogoDataset2K/Institution/TheRealDeal/9.jpg,TheRealDeal
LogoDataset2K/Institution/Kogan/1.jpg,Kogan
LogoDataset2K/Institution/Glock/1.jpg,Glock
LogoDataset2K/Institution/Teleton/5.jpg,Teleton
LogoDataset2K/Institution/LoneStarSteakhouseSaloon/3.jpg,LoneStarSteakhouseSaloon
LogoDataset2K/Institution/Hardees/7.jpg,Hardees
LogoDataset2K/Institution/Nilla/7.jpg,Nilla
LogoDataset2K/Institution/HardRockCafe/4.jpg,HardRockCafe
LogoDataset2K/Institution/nokia/6.jpg,nokia
LogoDataset2K/Institution/Edeka/7.jpg,Edeka
LogoDataset2K/Institution/KTM/1.jpg,KTM
LogoDataset2K/Institution/BDI/25.jpg,BDI
LogoDataset2K/Institution/Baltimore/3.jpg,Baltimore
LogoDataset2K/Institution/Transcom/7.jpg,Transcom
LogoDataset2K/Institution/Galp/14.jpg,Galp
LogoDataset2K/Institution/McCafe/1.jpg,McCafe
LogoDataset2K/Institution/GeneralMills/2.jpg,GeneralMills
LogoDataset2K/Institution/Copec/4.jpg,Copec
LogoDataset2K/Institution/Wonka/3.jpg,Wonka
LogoDataset2K/Institution/Chevron/14.jpg,Chevron
LogoDataset2K/Institution/ExpressJet/1.jpg,ExpressJet
LogoDataset2K/Institution/Mazzios/4.jpg,Mazzios
LogoDataset2K/Institution/Embraer/4.jpg,Embraer
LogoDataset2K/Institution/AirTransportInternational/19.jpg,AirTransportInternational
LogoDataset2K/Institution/FrankieBennys/2.jpg,FrankieBennys
LogoDataset2K/Institution/Mossberg/16.jpg,Mossberg
LogoDataset2K/Institution/Cathay/5.jpg,Cathay
LogoDataset2K/Institution/Padilla/3.jpg,Padilla
LogoDataset2K/Institution/Hitachi1/2.jpg,Hitachi1
LogoDataset2K/Institution/Williams/17.jpg,Williams
LogoDataset2K/Institution/Santander/4.jpg,Santander
LogoDataset2K/Institution/Country/15.jpg,Country
LogoDataset2K/Institution/Alsa/4.jpg,Alsa
LogoDataset2K/Institution/APCO/56.jpg,APCO
LogoDataset2K/Institution/Mirc/5.jpg,Mirc
LogoDataset2K/Institution/Wingstop/13.jpg,Wingstop
LogoDataset2K/Institution/DTC/1.jpg,DTC
LogoDataset2K/Institution/Wipro/7.jpg,Wipro
LogoDataset2K/Institution/Marvel/5.jpg,Marvel
LogoDataset2K/Institution/Prize/1.jpg,Prize
LogoDataset2K/Institution/Leclerc/3.jpg,Leclerc
LogoDataset2K/Institution/YUNDA/29.jpg,YUNDA
LogoDataset2K/Institution/AlliedTelesis/1.jpg,AlliedTelesis
LogoDataset2K/Institution/IFA/1.jpg,IFA
LogoDataset2K/Institution/Alamo/69.jpg,Alamo
LogoDataset2K/Institution/Hoffmann/2.jpg,Hoffmann
LogoDataset2K/Institution/Twist/5.jpg,Twist
LogoDataset2K/Institution/MR/14.jpg,MR
LogoDataset2K/Institution/Arctic/1.jpg,Arctic
LogoDataset2K/Institution/100anos/28.jpg,100anos
LogoDataset2K/Institution/Indianapolis/5.jpg,Indianapolis
LogoDataset2K/Institution/LaCasona/4.jpg,LaCasona
LogoDataset2K/Institution/JS/6.jpg,JS
LogoDataset2K/Institution/AirSunshine/33.jpg,AirSunshine
LogoDataset2K/Institution/GeneralElectric/13.jpg,GeneralElectric
LogoDataset2K/Institution/NonStop/6.jpg,NonStop
LogoDataset2K/Institution/Aral/9.jpg,Aral
LogoDataset2K/Institution/Motta/1.jpg,Motta
LogoDataset2K/Institution/Kroger/3.jpg,Kroger
LogoDataset2K/Institution/Quality/1.jpg,Quality
LogoDataset2K/Institution/AlManhal/4.jpg,AlManhal
LogoDataset2K/Institution/GreenBlacksHalls/14.jpg,GreenBlacksHalls
LogoDataset2K/Institution/AmeristarJetCharter/1.jpg,AmeristarJetCharter
LogoDataset2K/Institution/HiltonWorldwide/1.jpg,HiltonWorldwide
LogoDataset2K/Institution/AlpineAirExpress/1.jpg,AlpineAirExpress
LogoDataset2K/Institution/CarmelI/4.jpg,CarmelI
LogoDataset2K/Institution/Ross/6.jpg,Ross
LogoDataset2K/Institution/TheHalal/7.jpg,TheHalal
LogoDataset2K/Institution/Galopp/8.jpg,Galopp
LogoDataset2K/Institution/DollarTree/4.jpg,DollarTree
LogoDataset2K/Institution/BestWesternHotels/1.jpg,BestWesternHotels
LogoDataset2K/Institution/MarriottInternational/4.jpg,MarriottInternational
LogoDataset2K/Institution/Sonae/4.jpg,Sonae
LogoDataset2K/Institution/Macys/1.jpg,Macys
LogoDataset2K/Institution/Target/1.jpg,Target
LogoDataset2K/Institution/TravelCenters/8.jpg,TravelCenters
LogoDataset2K/Institution/Creemore/18.jpg,Creemore
LogoDataset2K/Institution/Kohls/4.jpg,Kohls
LogoDataset2K/Institution/GoldenCrown/7.jpg,GoldenCrown
LogoDataset2K/Institution/PandaExpress/2.jpg,PandaExpress
LogoDataset2K/Institution/Wegmans/6.jpg,Wegmans
LogoDataset2K/Institution/MetroAG/2.jpg,MetroAG
LogoDataset2K/Institution/BiSA/4.jpg,BiSA
LogoDataset2K/Institution/AeroContractors/1.jpg,AeroContractors
LogoDataset2K/Institution/Island/27.jpg,Island
LogoDataset2K/Institution/Sears/5.jpg,Sears
LogoDataset2K/Institution/Orange/15.jpg,Orange
LogoDataset2K/Institution/Walmart/5.jpg,Walmart
LogoDataset2K/Institution/Ecopetrol/9.jpg,Ecopetrol
LogoDataset2K/Institution/FredMeyer/2.jpg,FredMeyer
LogoDataset2K/Institution/BlackAngusSteakhouse/16.jpg,BlackAngusSteakhouse
LogoDataset2K/Institution/AEK/67.jpg,AEK
LogoDataset2K/Institution/Aida/4.jpg,Aida
LogoDataset2K/Institution/Tesco/3.jpg,Tesco
LogoDataset2K/Institution/AirTranAirways/3.jpg,AirTranAirways
LogoDataset2K/Institution/Agip/1.jpg,Agip
LogoDataset2K/Institution/Sainte/5.jpg,Sainte
LogoDataset2K/Clothes/Pentax/4.jpg,Pentax
LogoDataset2K/Clothes/Gota/4.jpg,Gota
LogoDataset2K/Clothes/Element/1.jpg,Element
LogoDataset2K/Clothes/Dome/5.jpg,Dome
LogoDataset2K/Clothes/Escada/40.jpg,Escada
LogoDataset2K/Clothes/BigLeague/1.jpg,BigLeague
LogoDataset2K/Clothes/Mumtaz/1.jpg,Mumtaz
LogoDataset2K/Clothes/Grand/1.jpg,Grand
LogoDataset2K/Clothes/Peak/4.jpg,Peak
LogoDataset2K/Clothes/Reef/1.jpg,Reef
LogoDataset2K/Clothes/ACID/23.jpg,ACID
LogoDataset2K/Clothes/Hilal/1.jpg,Hilal
LogoDataset2K/Clothes/Murphy/3.jpg,Murphy
LogoDataset2K/Clothes/Fusion/3.jpg,Fusion
LogoDataset2K/Clothes/Desigual/3.jpg,Desigual
LogoDataset2K/Clothes/Lane/33.jpg,Lane
LogoDataset2K/Clothes/Danish/1.jpg,Danish
LogoDataset2K/Clothes/NEXT/9.jpg,NEXT
LogoDataset2K/Clothes/Origins/1.jpg,Origins
LogoDataset2K/Clothes/MDX/10.jpg,MDX
LogoDataset2K/Clothes/Cosi/4.jpg,Cosi
LogoDataset2K/Clothes/Texan/1.jpg,Texan
LogoDataset2K/Clothes/Getty/1.jpg,Getty
LogoDataset2K/Clothes/Emilio/1.jpg,Emilio
LogoDataset2K/Clothes/Tec/1.jpg,Tec
LogoDataset2K/Clothes/Zoggs/2.jpg,Zoggs
LogoDataset2K/Clothes/Covert/2.jpg,Covert
LogoDataset2K/Clothes/Savage/1.jpg,Savage
LogoDataset2K/Clothes/Hurley/1.jpg,Hurley
LogoDataset2K/Clothes/Montrail/4.jpg,Montrail
LogoDataset2K/Clothes/MONDI/1.jpg,MONDI
LogoDataset2K/Clothes/YES/1.jpg,YES
LogoDataset2K/Clothes/Brother/10.jpg,Brother
LogoDataset2K/Clothes/MainStreet/9.jpg,MainStreet
LogoDataset2K/Clothes/Tandem/2.jpg,Tandem
LogoDataset2K/Clothes/Domenico/1.jpg,Domenico
LogoDataset2K/Clothes/Hummel/1.jpg,Hummel
LogoDataset2K/Clothes/GoldRush/2.jpg,GoldRush
LogoDataset2K/Clothes/Isla/1.jpg,Isla
LogoDataset2K/Clothes/Era/1.jpg,Era
LogoDataset2K/Clothes/Lemonade/38.jpg,Lemonade
LogoDataset2K/Clothes/Freebirds/1.jpg,Freebirds
LogoDataset2K/Clothes/Hield/1.jpg,Hield
LogoDataset2K/Clothes/Scholler/12.jpg,Scholler
LogoDataset2K/Clothes/Mirage/4.jpg,Mirage
LogoDataset2K/Clothes/Lucky/4.jpg,Lucky
LogoDataset2K/Clothes/Caro/1.jpg,Caro
LogoDataset2K/Clothes/Gazelle/3.jpg,Gazelle
LogoDataset2K/Clothes/Animal/9.jpg,Animal
LogoDataset2K/Clothes/EdHardy/1.jpg,EdHardy
LogoDataset2K/Clothes/Trespass/1.jpg,Trespass
LogoDataset2K/Clothes/Talbott/3.jpg,Talbott
LogoDataset2K/Clothes/Ghostbusters/1.jpg,Ghostbusters
LogoDataset2K/Clothes/Victoria/2.jpg,Victoria
LogoDataset2K/Clothes/LEA/1.jpg,LEA
LogoDataset2K/Clothes/AlmostSkateboards/15.jpg,AlmostSkateboards
LogoDataset2K/Clothes/Cain/10.jpg,Cain
LogoDataset2K/Clothes/Indiana/4.jpg,Indiana
LogoDataset2K/Clothes/Weaver/1.jpg,Weaver
LogoDataset2K/Clothes/Quake/9.jpg,Quake
LogoDataset2K/Clothes/Antonius/25.jpg,Antonius
LogoDataset2K/Clothes/Alliance/3.jpg,Alliance
LogoDataset2K/Clothes/Stars/2.jpg,Stars
LogoDataset2K/Clothes/AFernandez/2.jpg,AFernandez
LogoDataset2K/Clothes/Dunhill/1.jpg,Dunhill
LogoDataset2K/Clothes/Pace/1.jpg,Pace
LogoDataset2K/Clothes/MrT/3.jpg,MrT
LogoDataset2K/Clothes/NeimanMarcus/1.jpg,NeimanMarcus
LogoDataset2K/Clothes/AND1/1.jpg,AND1
LogoDataset2K/Clothes/Tatonka/2.jpg,Tatonka
LogoDataset2K/Clothes/NorthCoast/1.jpg,NorthCoast
LogoDataset2K/Clothes/Dixie/1.jpg,Dixie
LogoDataset2K/Clothes/Jacobs/1.jpg,Jacobs
LogoDataset2K/Clothes/GUnit/2.jpg,GUnit
LogoDataset2K/Clothes/Nota/1.jpg,Nota
LogoDataset2K/Clothes/Oki/1.jpg,Oki
LogoDataset2K/Clothes/Annapurna/33.jpg,Annapurna
LogoDataset2K/Clothes/Quasar/1.jpg,Quasar
LogoDataset2K/Clothes/Pye/2.jpg,Pye
LogoDataset2K/Clothes/StarWars/1.jpg,StarWars
LogoDataset2K/Clothes/VictoriasSecret/1.jpg,VictoriasSecret
LogoDataset2K/Clothes/Hunor/1.jpg,Hunor
LogoDataset2K/Clothes/Hilleberg/1.jpg,Hilleberg
LogoDataset2K/Clothes/Copelands/9.jpg,Copelands
LogoDataset2K/Clothes/Maple/1.jpg,Maple
LogoDataset2K/Clothes/Msting/1.jpg,Msting
LogoDataset2K/Clothes/DoubleTake/1.jpg,DoubleTake
LogoDataset2K/Clothes/Amoco/35.jpg,Amoco
LogoDataset2K/Clothes/Kent/1.jpg,Kent
LogoDataset2K/Clothes/Advent/7.jpg,Advent
LogoDataset2K/Clothes/Dogwood/2.jpg,Dogwood
LogoDataset2K/Clothes/Connaught/2.jpg,Connaught
LogoDataset2K/Clothes/Top/1.jpg,Top
LogoDataset2K/Clothes/KSwiss/1.jpg,KSwiss
LogoDataset2K/Clothes/Hancock/2.jpg,Hancock
LogoDataset2K/Clothes/RobinHood/31.jpg,RobinHood
LogoDataset2K/Clothes/Sonora/4.jpg,Sonora
LogoDataset2K/Clothes/Amsterdam/35.jpg,Amsterdam
LogoDataset2K/Clothes/Trouble/4.jpg,Trouble
LogoDataset2K/Clothes/Hartleys/7.jpg,Hartleys
LogoDataset2K/Clothes/Petro/1.jpg,Petro
LogoDataset2K/Clothes/Detroit/1.jpg,Detroit
LogoDataset2K/Clothes/Europa/2.jpg,Europa
LogoDataset2K/Clothes/CCM/1.jpg,CCM
LogoDataset2K/Clothes/Fabrica/62.jpg,Fabrica
LogoDataset2K/Clothes/Ask/10.jpg,Ask
LogoDataset2K/Clothes/Chicos/1.jpg,Chicos
LogoDataset2K/Clothes/Russell/1.jpg,Russell
LogoDataset2K/Clothes/Givova/1.jpg,Givova
LogoDataset2K/Clothes/Oceanic/2.jpg,Oceanic
LogoDataset2K/Clothes/Lava/1.jpg,Lava
LogoDataset2K/Clothes/ALCO/7.jpg,ALCO
LogoDataset2K/Clothes/AC/1.jpg,AC
LogoDataset2K/Clothes/ReggaeReggae/16.jpg,ReggaeReggae
LogoDataset2K/Clothes/Michigan/2.jpg,Michigan
LogoDataset2K/Clothes/Bahia/1.jpg,Bahia
LogoDataset2K/Clothes/Wild/1.jpg,Wild
LogoDataset2K/Clothes/ZooYork/1.jpg,ZooYork
LogoDataset2K/Clothes/GStar/1.jpg,GStar
LogoDataset2K/Clothes/MP/5.jpg,MP
LogoDataset2K/Clothes/Poppin/1.jpg,Poppin
LogoDataset2K/Clothes/Diana/1.jpg,Diana
LogoDataset2K/Clothes/Monark/1.jpg,Monark
LogoDataset2K/Clothes/Lewis/1.jpg,Lewis
LogoDataset2K/Clothes/Salewa/1.jpg,Salewa
LogoDataset2K/Clothes/SouthBeach/1.jpg,SouthBeach
LogoDataset2K/Clothes/JOJO/15.jpg,JOJO
LogoDataset2K/Clothes/Holiday/6.jpg,Holiday
LogoDataset2K/Clothes/Pineapple/2.jpg,Pineapple
LogoDataset2K/Clothes/Saucony/8.jpg,Saucony
LogoDataset2K/Clothes/Che/1.jpg,Che
LogoDataset2K/Clothes/Haywards/1.jpg,Haywards
LogoDataset2K/Clothes/Supra/9.jpg,Supra
LogoDataset2K/Clothes/Speedo/1.jpg,Speedo
LogoDataset2K/Clothes/Globe/7.jpg,Globe
LogoDataset2K/Clothes/Extreme/2.jpg,Extreme
LogoDataset2K/Clothes/Luxor/4.jpg,Luxor
LogoDataset2K/Clothes/Typhoo/9.jpg,Typhoo
LogoDataset2K/Clothes/AdanyEva/1.jpg,AdanyEva
LogoDataset2K/Clothes/Toscano/1.jpg,Toscano
LogoDataset2K/Clothes/Triumph/1.jpg,Triumph
LogoDataset2K/Clothes/Nostromo/2.jpg,Nostromo
LogoDataset2K/Clothes/Peerless/1.jpg,Peerless
LogoDataset2K/Clothes/Minerva/1.jpg,Minerva
LogoDataset2K/Clothes/Roxy/2.jpg,Roxy
LogoDataset2K/Clothes/Husky/7.jpg,Husky
LogoDataset2K/Clothes/Browning/1.jpg,Browning
LogoDataset2K/Clothes/Orca/3.jpg,Orca
LogoDataset2K/Clothes/Lifeisgood/44.jpg,Lifeisgood
LogoDataset2K/Clothes/Unicef/9.jpg,Unicef
LogoDataset2K/Clothes/Sara/10.jpg,Sara
LogoDataset2K/Clothes/ElementSkateboards/3.jpg,ElementSkateboards
LogoDataset2K/Clothes/ParagonPictures/23.jpg,ParagonPictures
LogoDataset2K/Clothes/Padron/1.jpg,Padron
LogoDataset2K/Clothes/Diesel/3.jpg,Diesel
LogoDataset2K/Clothes/DIA/1.jpg,DIA
LogoDataset2K/Clothes/Svea/2.jpg,Svea
LogoDataset2K/Clothes/NineWest/1.jpg,NineWest
LogoDataset2K/Clothes/Fox/1.jpg,Fox
LogoDataset2K/Clothes/Arc/2.jpg,Arc
LogoDataset2K/Clothes/WhiteCastle/1.jpg,WhiteCastle
LogoDataset2K/Clothes/JMB/1.jpg,JMB
LogoDataset2K/Clothes/Errea/1.jpg,Errea
LogoDataset2K/Clothes/REFOSIAN/5.jpg,REFOSIAN
LogoDataset2K/Clothes/TheBatman/1.jpg,TheBatman
LogoDataset2K/Clothes/Supreme1/8.jpg,Supreme1
LogoDataset2K/Clothes/Moonshine/2.jpg,Moonshine
LogoDataset2K/Clothes/Elsa/1.jpg,Elsa
LogoDataset2K/Clothes/Barr/34.jpg,Barr
LogoDataset2K/Clothes/Ellesse/32.jpg,Ellesse
LogoDataset2K/Clothes/Chicago/2.jpg,Chicago
LogoDataset2K/Clothes/Frigo/1.jpg,Frigo
LogoDataset2K/Clothes/Cameo/1.jpg,Cameo
LogoDataset2K/Clothes/Miko/4.jpg,Miko
LogoDataset2K/Clothes/Liberty/1.jpg,Liberty
LogoDataset2K/Clothes/Everlast/1.jpg,Everlast
LogoDataset2K/Clothes/SeaLife/18.jpg,SeaLife
LogoDataset2K/Clothes/Lanka/2.jpg,Lanka
LogoDataset2K/Clothes/Nautica/1.jpg,Nautica
LogoDataset2K/Clothes/Anchorage/1.jpg,Anchorage
LogoDataset2K/Clothes/ClubSocial/1.jpg,ClubSocial
LogoDataset2K/Clothes/lacoste/4.jpg,lacoste
LogoDataset2K/Clothes/Bomber/6.jpg,Bomber
LogoDataset2K/Clothes/Always/1.jpg,Always
LogoDataset2K/Clothes/Bounce/1.jpg,Bounce
LogoDataset2K/Clothes/LeiteAlves/5.jpg,LeiteAlves
LogoDataset2K/Clothes/Kyoto/1.jpg,Kyoto
LogoDataset2K/Clothes/Miami/1.jpg,Miami
LogoDataset2K/Clothes/BAC/1 - Sao chép.jpg,BAC
LogoDataset2K/Clothes/Gabriel/1.jpg,Gabriel
LogoDataset2K/Clothes/RedHotBlue/13.jpg,RedHotBlue
LogoDataset2K/Clothes/Bobdog1/2.jpg,Bobdog1
LogoDataset2K/Clothes/Underground/2.jpg,Underground
LogoDataset2K/Clothes/Ankara/6.jpg,Ankara
LogoDataset2K/Clothes/Lyons/5.jpg,Lyons
LogoDataset2K/Clothes/Omo/1.jpg,Omo
LogoDataset2K/Clothes/Temptations/9.jpg,Temptations
LogoDataset2K/Clothes/Intex/17.jpg,Intex
LogoDataset2K/Clothes/Reebok/1.jpg,Reebok
LogoDataset2K/Clothes/Shaw/13.jpg,Shaw
LogoDataset2K/Clothes/Nickelodeon/2.jpg,Nickelodeon
LogoDataset2K/Clothes/nau/1.jpg,nau
LogoDataset2K/Clothes/Metropolitan/1.jpg,Metropolitan
LogoDataset2K/Clothes/Carmen/1.jpg,Carmen
LogoDataset2K/Clothes/Paz/2.jpg,Paz
LogoDataset2K/Clothes/KR3W/7.jpg,KR3W
LogoDataset2K/Clothes/Liga/1.jpg,Liga
LogoDataset2K/Clothes/Beretta/1.jpg,Beretta
LogoDataset2K/Clothes/Nomi/1.jpg,Nomi
LogoDataset2K/Clothes/MountainEquipment/10.jpg,MountainEquipment
LogoDataset2K/Clothes/PickNPay/1.jpg,PickNPay
LogoDataset2K/Clothes/Linc/1.jpg,Linc
LogoDataset2K/Clothes/Addidas/1.jpg,Addidas
LogoDataset2K/Clothes/Miranda/9.jpg,Miranda
LogoDataset2K/Clothes/Ibex/10.jpg,Ibex
LogoDataset2K/Clothes/California/3.jpg,California
LogoDataset2K/Clothes/Curtis/1.jpg,Curtis
LogoDataset2K/Clothes/Dibs/2.jpg,Dibs
LogoDataset2K/Clothes/OriginalPenguin/5.jpg,OriginalPenguin
LogoDataset2K/Clothes/XXX/1.jpg,XXX
LogoDataset2K/Clothes/Marshmallow/11.jpg,Marshmallow
LogoDataset2K/Clothes/Acorn/1.jpg,Acorn
LogoDataset2K/Clothes/Kingdom/1.jpg,Kingdom
LogoDataset2K/Clothes/MapleBrown/1.jpg,MapleBrown
LogoDataset2K/Clothes/Swann/2.jpg,Swann
LogoDataset2K/Clothes/Hanes/1.jpg,Hanes
LogoDataset2K/Clothes/Dip/6.jpg,Dip
LogoDataset2K/Clothes/Springfield/75.jpg,Springfield
LogoDataset2K/Clothes/Golite/9.jpg,Golite
LogoDataset2K/Clothes/LangSha/1.jpg,LangSha
LogoDataset2K/Clothes/GAS/2.jpg,GAS
LogoDataset2K/Clothes/Amador/1.jpg,Amador
LogoDataset2K/Clothes/ITS/1.jpg,ITS
LogoDataset2K/Clothes/Arena/79.jpg,Arena
LogoDataset2K/Clothes/BlackHorse/2.jpg,BlackHorse
LogoDataset2K/Clothes/ABLE/1.jpg,ABLE
LogoDataset2K/Clothes/TheMAX/8.jpg,TheMAX
LogoDataset2K/Clothes/HB/4.jpg,HB
LogoDataset2K/Clothes/logoAndrewChristian/9.jpg,logoAndrewChristian
LogoDataset2K/Clothes/Cheer/1.jpg,Cheer
LogoDataset2K/Clothes/LosAngeles/9.jpg,LosAngeles
LogoDataset2K/Clothes/LaPerla/3.jpg,LaPerla
LogoDataset2K/Clothes/Buffalo/1.jpg,Buffalo
LogoDataset2K/Clothes/Comfort/1.jpg,Comfort
LogoDataset2K/Clothes/Burberry/1.jpg,Burberry
LogoDataset2K/Clothes/MOL/1.jpg,MOL
LogoDataset2K/Clothes/Morgan/3.jpg,Morgan
LogoDataset2K/Clothes/Clement/9.jpg,Clement
LogoDataset2K/Clothes/Ceceba/4.jpg,Ceceba
LogoDataset2K/Clothes/Rima/2.jpg,Rima
LogoDataset2K/Clothes/ProPlan/1.jpg,ProPlan
LogoDataset2K/Clothes/Vans/1.jpg,Vans
LogoDataset2K/Clothes/Birmingham/10.jpg,Birmingham
LogoDataset2K/Clothes/Donald/1.jpg,Donald
LogoDataset2K/Clothes/Birkis/1.jpg,Birkis
LogoDataset2K/Clothes/Mizuno/1.jpg,Mizuno
LogoDataset2K/Clothes/MitchellsButlers/5.jpg,MitchellsButlers
LogoDataset2K/Clothes/Eskimo/3.jpg,Eskimo
LogoDataset2K/Clothes/Springs/1.jpg,Springs
LogoDataset2K/Clothes/LLC/7.jpg,LLC
LogoDataset2K/Clothes/Piazza/8.jpg,Piazza
LogoDataset2K/Clothes/LimitedEdition/11.jpg,LimitedEdition
LogoDataset2K/Clothes/Batman/4.jpg,Batman
LogoDataset2K/Clothes/Ifb/1.jpg,Ifb
LogoDataset2K/Clothes/METROPOLIS/1.jpg,METROPOLIS
LogoDataset2K/Clothes/DisneyPixar/1.jpg,DisneyPixar
LogoDataset2K/Clothes/LordTaylor/5.jpg,LordTaylor
LogoDataset2K/Clothes/ElPaso/1.jpg,ElPaso
LogoDataset2K/Clothes/DolceGabbana/1.jpg,DolceGabbana
LogoDataset2K/Clothes/JCPenney/2.jpg,JCPenney
LogoDataset2K/Clothes/Sloggi/6.jpg,Sloggi
LogoDataset2K/Clothes/Pillsbury/2.jpg,Pillsbury
LogoDataset2K/Clothes/Lynx/9.jpg,Lynx
LogoDataset2K/Clothes/HS/46.jpg,HS
LogoDataset2K/Clothes/Buddy/3.jpg,Buddy
LogoDataset2K/Clothes/Kaiser/9.jpg,Kaiser
LogoDataset2K/Clothes/Gap/2.jpg,Gap
LogoDataset2K/Clothes/Jacks/1.jpg,Jacks
LogoDataset2K/Clothes/Columbia/10.jpg,Columbia
LogoDataset2K/Clothes/EKCO/7.jpg,EKCO
LogoDataset2K/Clothes/Basil/54.jpg,Basil
LogoDataset2K/Clothes/BigRed/1.jpg,BigRed
LogoDataset2K/Clothes/Brioni/9.jpg,Brioni
LogoDataset2K/Clothes/HearttoHeart/2.jpg,HearttoHeart
LogoDataset2K/Clothes/Imperial/1.jpg,Imperial
LogoDataset2K/Clothes/Marconi/5.jpg,Marconi
LogoDataset2K/Transportation/Fuji/43.jpg,Fuji
LogoDataset2K/Transportation/BP/31.jpg,BP
LogoDataset2K/Transportation/Holden/32.jpg,Holden
LogoDataset2K/Transportation/Landwind/4.jpg,Landwind
LogoDataset2K/Transportation/Chery/34.jpg,Chery
LogoDataset2K/Transportation/AlfaRomeo/2.jpg,AlfaRomeo
LogoDataset2K/Transportation/Cannondale/1.jpg,Cannondale
LogoDataset2K/Transportation/Kuwahara/2.jpg,Kuwahara
LogoDataset2K/Transportation/Tesla/23.jpg,Tesla
LogoDataset2K/Transportation/Alfa/6.jpg,Alfa
LogoDataset2K/Transportation/Anteros/1.jpg,Anteros
LogoDataset2K/Transportation/AmericanBicycle/55.jpg,AmericanBicycle
LogoDataset2K/Transportation/Kona/4.jpg,Kona
LogoDataset2K/Transportation/HeroCycles/61.jpg,HeroCycles
LogoDataset2K/Transportation/Lancia/45.jpg,Lancia
LogoDataset2K/Transportation/KogswellCycles/1.jpg,KogswellCycles
LogoDataset2K/Transportation/Maserati/1.jpg,Maserati
LogoDataset2K/Transportation/Bertone/2.jpg,Bertone
LogoDataset2K/Transportation/Benelli/36.jpg,Benelli
LogoDataset2K/Transportation/Honda/2.jpg,Honda
LogoDataset2K/Transportation/TrekBicycle/1.jpg,TrekBicycle
LogoDataset2K/Transportation/Ssangyong/65.jpg,Ssangyong
LogoDataset2K/Transportation/Lada/78.jpg,Lada
LogoDataset2K/Transportation/Caloi/34.jpg,Caloi
LogoDataset2K/Transportation/Toyota/1.jpg,Toyota
LogoDataset2K/Transportation/RadioFlyer/42.jpg,RadioFlyer
LogoDataset2K/Transportation/Mazda/34.jpg,Mazda
LogoDataset2K/Transportation/Genesis/16.jpg,Genesis
LogoDataset2K/Transportation/Cello/42.jpg,Cello
LogoDataset2K/Transportation/Marussia/24.jpg,Marussia
LogoDataset2K/Transportation/Orbea/70.jpg,Orbea
LogoDataset2K/Transportation/MiO/2.jpg,MiO
LogoDataset2K/Transportation/GMC/1.jpg,GMC
LogoDataset2K/Transportation/Barrow/21.jpg,Barrow
LogoDataset2K/Transportation/Raleigh/2.jpg,Raleigh
LogoDataset2K/Transportation/Geely/5.jpg,Geely
LogoDataset2K/Transportation/Ascari/24.jpg,Ascari
LogoDataset2K/Transportation/Ultramar/1.jpg,Ultramar
LogoDataset2K/Transportation/subaru/2.jpg,subaru
LogoDataset2K/Transportation/Hindustan/12.jpg,Hindustan
LogoDataset2K/Transportation/Porsche/33.jpg,Porsche
LogoDataset2K/Transportation/Kia/67.jpg,Kia
LogoDataset2K/Transportation/Yamaha/9.jpg,Yamaha
LogoDataset2K/Transportation/Continental/22.jpg,Continental
LogoDataset2K/Transportation/Troller/49.jpg,Troller
LogoDataset2K/Transportation/Shell/33.jpg,Shell
LogoDataset2K/Transportation/Citroen/29.jpg,Citroen
LogoDataset2K/Transportation/Olmo/1.jpg,Olmo
LogoDataset2K/Transportation/Vulcan/3.jpg,Vulcan
LogoDataset2K/Transportation/Porvenir/50.jpg,Porvenir
LogoDataset2K/Transportation/Boost/81.jpg,Boost
LogoDataset2K/Transportation/Phillips66/5.jpg,Phillips66
LogoDataset2K/Transportation/Kuota/6.jpg,Kuota
LogoDataset2K/Transportation/Signal/8.jpg,Signal
LogoDataset2K/Transportation/Dacia/76.jpg,Dacia
LogoDataset2K/Transportation/Rover/2.jpg,Rover
LogoDataset2K/Transportation/ScotRail/39.jpg,ScotRail
LogoDataset2K/Transportation/Bharat/2.jpg,Bharat
LogoDataset2K/Transportation/Acura/1.jpg,Acura
LogoDataset2K/Transportation/Polo/16.jpg,Polo
LogoDataset2K/Transportation/Ducati/4.jpg,Ducati
LogoDataset2K/Transportation/Micro/8.jpg,Micro
LogoDataset2K/Transportation/Aprilia/7.jpg,Aprilia
LogoDataset2K/Transportation/SantaMaria/28.jpg,SantaMaria
LogoDataset2K/Transportation/KHS/29.jpg,KHS
LogoDataset2K/Transportation/Carrefour/76.jpg,Carrefour
LogoDataset2K/Transportation/Tracker/47.jpg,Tracker
LogoDataset2K/Transportation/Valero/24.jpg,Valero
LogoDataset2K/Transportation/Norco/1.jpg,Norco
LogoDataset2K/Transportation/Volvo/57.jpg,Volvo
LogoDataset2K/Transportation/Mustang/82.jpg,Mustang
LogoDataset2K/Transportation/BerlinRacycle/3.jpg,BerlinRacycle
LogoDataset2K/Transportation/Caltex/33.jpg,Caltex
LogoDataset2K/Transportation/Delta/1.jpg,Delta
LogoDataset2K/Transportation/Audi/8.jpg,Audi
LogoDataset2K/Transportation/Freightliner/66.jpg,Freightliner
LogoDataset2K/Transportation/GrafStift/4.jpg,GrafStift
LogoDataset2K/Transportation/Wheelhouse/13.jpg,Wheelhouse
LogoDataset2K/Transportation/Peugeot/24.jpg,Peugeot
LogoDataset2K/Transportation/Mitsubishi/65.jpg,Mitsubishi
LogoDataset2K/Transportation/Shelby/43.jpg,Shelby
LogoDataset2K/Transportation/BSA/67.jpg,BSA
LogoDataset2K/Transportation/Diamondback/65.jpg,Diamondback
LogoDataset2K/Transportation/Associated/34.jpg,Associated
LogoDataset2K/Transportation/Colnago/37.jpg,Colnago
LogoDataset2K/Transportation/Strada/6.jpg,Strada
LogoDataset2K/Transportation/Avion/8.jpg,Avion
LogoDataset2K/Transportation/Tyrell/34.jpg,Tyrell
LogoDataset2K/Transportation/Spyker/17.jpg,Spyker
LogoDataset2K/Transportation/Matchless/66.jpg,Matchless
LogoDataset2K/Transportation/Total/72.jpg,Total
LogoDataset2K/Transportation/Amuza/1.jpg,Amuza
LogoDataset2K/Transportation/Birdy/27.jpg,Birdy
LogoDataset2K/Transportation/Litespeed/6.jpg,Litespeed
LogoDataset2K/Transportation/Daihatsu/12.jpg,Daihatsu
LogoDataset2K/Transportation/Argon18/23.jpg,Argon18
LogoDataset2K/Transportation/Diamant/13.jpg,Diamant
LogoDataset2K/Transportation/Caparo/37.jpg,Caparo
LogoDataset2K/Transportation/Kross/12.jpg,Kross
LogoDataset2K/Transportation/Isuzu/47.jpg,Isuzu
LogoDataset2K/Transportation/Buick/10.jpg,Buick
LogoDataset2K/Transportation/Schwinn/13.jpg,Schwinn
LogoDataset2K/Transportation/Capri/44.jpg,Capri
LogoDataset2K/Transportation/Taxi/67.jpg,Taxi
LogoDataset2K/Transportation/Gibbs/1.jpg,Gibbs
LogoDataset2K/Transportation/Volkswagen/1.jpg,Volkswagen
LogoDataset2K/Transportation/ANCAP/48.jpg,ANCAP
LogoDataset2K/Transportation/Canon/32.jpg,Canon
LogoDataset2K/Transportation/JAC/43.jpg,JAC
LogoDataset2K/Transportation/AstonMartin/34.jpg,AstonMartin
LogoDataset2K/Transportation/Puch/1.jpg,Puch
LogoDataset2K/Transportation/Abici/10.jpg,Abici
LogoDataset2K/Transportation/Dunlop/2.jpg,Dunlop
LogoDataset2K/Transportation/Mahindra/5.jpg,Mahindra
LogoDataset2K/Transportation/MINI/2.jpg,MINI
LogoDataset2K/Transportation/Atlanta/1.jpg,Atlanta
LogoDataset2K/Transportation/Stinger/28.jpg,Stinger
LogoDataset2K/Transportation/Steyr/2.jpg,Steyr
LogoDataset2K/Transportation/McLaren/34.jpg,McLaren
LogoDataset2K/Transportation/Abike/32.jpg,Abike
LogoDataset2K/Transportation/Koenigsegg/7.jpg,Koenigsegg
LogoDataset2K/Transportation/DS/78.jpg,DS
LogoDataset2K/Transportation/BMW/23.jpg,BMW
LogoDataset2K/Transportation/landrover/31.jpg,landrover
LogoDataset2K/Transportation/Overland/65.jpg,Overland
LogoDataset2K/Transportation/Atala/1.jpg,Atala
LogoDataset2K/Transportation/SCOTT/1.jpg,SCOTT
LogoDataset2K/Transportation/Lamborghini/67.jpg,Lamborghini
LogoDataset2K/Transportation/Nissan/84.jpg,Nissan
LogoDataset2K/Transportation/Hyundai/11.jpg,Hyundai
LogoDataset2K/Transportation/Schwalbe/8.jpg,Schwalbe
LogoDataset2K/Transportation/Cadillac/20.jpg,Cadillac
LogoDataset2K/Transportation/Barracuda/19.jpg,Barracuda
LogoDataset2K/Transportation/Saga/26.jpg,Saga
LogoDataset2K/Transportation/Jaguar/3.jpg,Jaguar
LogoDataset2K/Transportation/GreatWall/38.jpg,GreatWall
LogoDataset2K/Transportation/Lincoln/74.jpg,Lincoln
LogoDataset2K/Transportation/Simson/12.jpg,Simson
LogoDataset2K/Transportation/Simson/6.jpg,Simson
LogoDataset2K/Transportation/Simson/45.jpg,Simson
LogoDataset2K/Transportation/Simson/44.jpg,Simson
LogoDataset2K/Transportation/Simson/25.jpg,Simson
LogoDataset2K/Transportation/Simson/51.jpg,Simson
LogoDataset2K/Transportation/Simson/2.jpg,Simson
LogoDataset2K/Transportation/Simson/47.jpg,Simson
LogoDataset2K/Transportation/Simson/49.jpg,Simson
LogoDataset2K/Transportation/Simson/7.jpg,Simson
LogoDataset2K/Transportation/Simson/9.jpg,Simson
LogoDataset2K/Transportation/Simson/50.jpg,Simson
LogoDataset2K/Transportation/Simson/18.jpg,Simson
LogoDataset2K/Transportation/Simson/15.jpg,Simson
LogoDataset2K/Transportation/Simson/14.jpg,Simson
LogoDataset2K/Transportation/Simson/32.jpg,Simson
LogoDataset2K/Transportation/Simson/42.jpg,Simson
LogoDataset2K/Transportation/Simson/41.jpg,Simson
LogoDataset2K/Transportation/Simson/34.jpg,Simson
LogoDataset2K/Transportation/Simson/30.jpg,Simson
LogoDataset2K/Transportation/Simson/36.jpg,Simson
LogoDataset2K/Transportation/Simson/19.jpg,Simson
LogoDataset2K/Transportation/Simson/29.jpg,Simson
LogoDataset2K/Transportation/Simson/35.jpg,Simson
LogoDataset2K/Transportation/Simson/28.jpg,Simson
LogoDataset2K/Transportation/Simson/23.jpg,Simson
LogoDataset2K/Transportation/Simson/37.jpg,Simson
LogoDataset2K/Transportation/Simson/52.jpg,Simson
LogoDataset2K/Transportation/Simson/1.jpg,Simson
LogoDataset2K/Transportation/Simson/13.jpg,Simson
LogoDataset2K/Transportation/Simson/27.jpg,Simson
LogoDataset2K/Transportation/Simson/38.jpg,Simson
LogoDataset2K/Transportation/Simson/11.jpg,Simson
LogoDataset2K/Transportation/Simson/4.jpg,Simson
LogoDataset2K/Transportation/Simson/22.jpg,Simson
LogoDataset2K/Transportation/Simson/3.jpg,Simson
LogoDataset2K/Transportation/Simson/21.jpg,Simson
LogoDataset2K/Transportation/Simson/40.jpg,Simson
LogoDataset2K/Transportation/Simson/20.jpg,Simson
LogoDataset2K/Transportation/Simson/5.jpg,Simson
LogoDataset2K/Transportation/Simson/8.jpg,Simson
LogoDataset2K/Transportation/Simson/24.jpg,Simson
LogoDataset2K/Transportation/Simson/31.jpg,Simson
LogoDataset2K/Transportation/Simson/43.jpg,Simson
LogoDataset2K/Transportation/Simson/10.jpg,Simson
LogoDataset2K/Transportation/Simson/17.jpg,Simson
LogoDataset2K/Transportation/Simson/48.jpg,Simson
LogoDataset2K/Transportation/Simson/26.jpg,Simson
LogoDataset2K/Transportation/Simson/33.jpg,Simson
LogoDataset2K/Transportation/Simson/46.jpg,Simson
LogoDataset2K/Transportation/Simson/39.jpg,Simson
LogoDataset2K/Transportation/Simson/16.jpg,Simson
LogoDataset2K/Transportation/Nascar/22.jpg,Nascar
LogoDataset2K/Transportation/Mavic/8.jpg,Mavic
LogoDataset2K/Transportation/BMC/32.jpg,BMC
LogoDataset2K/Transportation/Jets/23.jpg,Jets
LogoDataset2K/Transportation/Husqvarna/28.jpg,Husqvarna
LogoDataset2K/Transportation/LEAR/68.jpg,LEAR
LogoDataset2K/Transportation/HarleyDavidson/20.jpg,HarleyDavidson
LogoDataset2K/Transportation/Petrobras/34.jpg,Petrobras
LogoDataset2K/Transportation/Humber/6.jpg,Humber
LogoDataset2K/Transportation/Pemex/54.jpg,Pemex
LogoDataset2K/Transportation/Beko/4.jpg,Beko
LogoDataset2K/Transportation/HaiNanAirlines/25.jpg,HaiNanAirlines
LogoDataset2K/Transportation/Mongoose/8.jpg,Mongoose
LogoDataset2K/Transportation/PKNOrlen/7.jpg,PKNOrlen
LogoDataset2K/Transportation/OKQ8/33.jpg,OKQ8
LogoDataset2K/Transportation/Brilliance/26.jpg,Brilliance
LogoDataset2K/Transportation/Koryo/31.jpg,Koryo
LogoDataset2K/Transportation/MercedesBenz/82.jpg,MercedesBenz
LogoDataset2K/Transportation/Petrom/4.jpg,Petrom
LogoDataset2K/Transportation/Bridgestone/3.jpg,Bridgestone
LogoDataset2K/Transportation/sun/2.jpg,sun
LogoDataset2K/Transportation/BYD/27.jpg,BYD
LogoDataset2K/Transportation/Ruger/4.jpg,Ruger
LogoDataset2K/Transportation/MG/44.jpg,MG
LogoDataset2K/Transportation/Frontier/4.jpg,Frontier
LogoDataset2K/Transportation/Orlando/42.jpg,Orlando
LogoDataset2K/Transportation/Lapierre/4.jpg,Lapierre
LogoDataset2K/Transportation/Momentum/13.jpg,Momentum
LogoDataset2K/Transportation/GTBicycles/56.jpg,GTBicycles
LogoDataset2K/Transportation/Bajaj/7.jpg,Bajaj
LogoDataset2K/Transportation/Petronas/4.jpg,Petronas
LogoDataset2K/Transportation/Jeep/63.jpg,Jeep
LogoDataset2K/Transportation/Arash/1.jpg,Arash
LogoDataset2K/Transportation/Magna/5.jpg,Magna
LogoDataset2K/Transportation/Bristol/4.jpg,Bristol
LogoDataset2K/Transportation/Montague/53.jpg,Montague
LogoDataset2K/Transportation/Montague/12.jpg,Montague
LogoDataset2K/Transportation/Montague/6.jpg,Montague
LogoDataset2K/Transportation/Montague/45.jpg,Montague
LogoDataset2K/Transportation/Montague/44.jpg,Montague
LogoDataset2K/Transportation/Montague/25.jpg,Montague
LogoDataset2K/Transportation/Montague/51.jpg,Montague
LogoDataset2K/Transportation/Montague/60.jpg,Montague
LogoDataset2K/Transportation/Montague/2.jpg,Montague
LogoDataset2K/Transportation/Montague/47.jpg,Montague
LogoDataset2K/Transportation/Montague/61.jpg,Montague
LogoDataset2K/Transportation/Montague/49.jpg,Montague
LogoDataset2K/Transportation/Montague/7.jpg,Montague
LogoDataset2K/Transportation/Montague/64.jpg,Montague
LogoDataset2K/Transportation/Montague/9.jpg,Montague
LogoDataset2K/Transportation/Montague/54.jpg,Montague
LogoDataset2K/Transportation/Montague/50.jpg,Montague
LogoDataset2K/Transportation/Montague/18.jpg,Montague
LogoDataset2K/Transportation/Montague/15.jpg,Montague
LogoDataset2K/Transportation/Montague/14.jpg,Montague
LogoDataset2K/Transportation/Montague/32.jpg,Montague
LogoDataset2K/Transportation/Montague/42.jpg,Montague
LogoDataset2K/Transportation/Montague/41.jpg,Montague
LogoDataset2K/Transportation/Montague/34.jpg,Montague
LogoDataset2K/Transportation/Montague/30.jpg,Montague
LogoDataset2K/Transportation/Montague/36.jpg,Montague
LogoDataset2K/Transportation/Montague/19.jpg,Montague
LogoDataset2K/Transportation/Montague/29.jpg,Montague
LogoDataset2K/Transportation/Montague/35.jpg,Montague
LogoDataset2K/Transportation/Montague/28.jpg,Montague
LogoDataset2K/Transportation/Montague/23.jpg,Montague
LogoDataset2K/Transportation/Montague/37.jpg,Montague
LogoDataset2K/Transportation/Montague/52.jpg,Montague
LogoDataset2K/Transportation/Montague/1.jpg,Montague
LogoDataset2K/Transportation/Montague/13.jpg,Montague
LogoDataset2K/Transportation/Montague/27.jpg,Montague
LogoDataset2K/Transportation/Montague/59.jpg,Montague
LogoDataset2K/Transportation/Montague/38.jpg,Montague
LogoDataset2K/Transportation/Montague/55.jpg,Montague
LogoDataset2K/Transportation/Montague/11.jpg,Montague
LogoDataset2K/Transportation/Montague/4.jpg,Montague
LogoDataset2K/Transportation/Montague/66.jpg,Montague
LogoDataset2K/Transportation/Montague/22.jpg,Montague
LogoDataset2K/Transportation/Montague/65.jpg,Montague
LogoDataset2K/Transportation/Montague/3.jpg,Montague
LogoDataset2K/Transportation/Montague/21.jpg,Montague
LogoDataset2K/Transportation/Montague/40.jpg,Montague
LogoDataset2K/Transportation/Montague/67.jpg,Montague
LogoDataset2K/Transportation/Montague/56.jpg,Montague
LogoDataset2K/Transportation/Montague/57.jpg,Montague
LogoDataset2K/Transportation/Montague/20.jpg,Montague
LogoDataset2K/Transportation/Montague/5.jpg,Montague
LogoDataset2K/Transportation/Montague/8.jpg,Montague
LogoDataset2K/Transportation/Montague/62.jpg,Montague
LogoDataset2K/Transportation/Montague/58.jpg,Montague
LogoDataset2K/Transportation/Montague/24.jpg,Montague
LogoDataset2K/Transportation/Montague/31.jpg,Montague
LogoDataset2K/Transportation/Montague/43.jpg,Montague
LogoDataset2K/Transportation/Montague/10.jpg,Montague
LogoDataset2K/Transportation/Montague/17.jpg,Montague
LogoDataset2K/Transportation/Montague/48.jpg,Montague
LogoDataset2K/Transportation/Montague/26.jpg,Montague
LogoDataset2K/Transportation/Montague/33.jpg,Montague
LogoDataset2K/Transportation/Montague/68.jpg,Montague
LogoDataset2K/Transportation/Montague/46.jpg,Montague
LogoDataset2K/Transportation/Montague/39.jpg,Montague
LogoDataset2K/Transportation/Montague/16.jpg,Montague
LogoDataset2K/Transportation/Montague/63.jpg,Montague
LogoDataset2K/Transportation/Infiniti/1.jpg,Infiniti
LogoDataset2K/Transportation/Publix/53.jpg,Publix
LogoDataset2K/Transportation/Turbo/5.jpg,Turbo
LogoDataset2K/Transportation/skoda/11.jpg,skoda
LogoDataset2K/Transportation/Pagani/17.jpg,Pagani
LogoDataset2K/Transportation/Accel/55.jpg,Accel
LogoDataset2K/Transportation/LotusCars/59.jpg,LotusCars
LogoDataset2K/Transportation/Alpine/23.jpg,Alpine
LogoDataset2K/Transportation/SantaFe/23.jpg,SantaFe
LogoDataset2K/Transportation/Motobecane/23.jpg,Motobecane
LogoDataset2K/Transportation/Dodge/48.jpg,Dodge
LogoDataset2K/Transportation/Specialized/46.jpg,Specialized
LogoDataset2K/Transportation/Chevrolet/34.jpg,Chevrolet
LogoDataset2K/Transportation/Electra/4.jpg,Electra
LogoDataset2K/Transportation/PIRELLI/9.jpg,PIRELLI
LogoDataset2K/Transportation/Daewoo/49.jpg,Daewoo
LogoDataset2K/Transportation/Resource/2.jpg,Resource
LogoDataset2K/Transportation/TVR/23.jpg,TVR
LogoDataset2K/Transportation/Vredestein/1.jpg,Vredestein
LogoDataset2K/Transportation/DeRosa/8.jpg,DeRosa
LogoDataset2K/Transportation/Renault/78.jpg,Renault
LogoDataset2K/Transportation/Lifan/38.jpg,Lifan
LogoDataset2K/Transportation/Bentley/48.jpg,Bentley
LogoDataset2K/Transportation/Adio/26.jpg,Adio
LogoDataset2K/Transportation/Orlen/71.jpg,Orlen
LogoDataset2K/Transportation/Merlin/58.jpg,Merlin
LogoDataset2K/Transportation/Solex/5.jpg,Solex
LogoDataset2K/Food/Squirt/5.jpg,Squirt
LogoDataset2K/Food/SnackAttack/44.jpg,SnackAttack
LogoDataset2K/Food/yanghe/20.jpg,yanghe
LogoDataset2K/Food/ToddyPepsiCo/16.jpg,ToddyPepsiCo
LogoDataset2K/Food/Storkmargarine/36.jpg,Storkmargarine
LogoDataset2K/Food/TaytoFusion/2.jpg,TaytoFusion
LogoDataset2K/Food/Razzles/1.jpg,Razzles
LogoDataset2K/Food/TimHortons/22.jpg,TimHortons
LogoDataset2K/Food/Swisher/3.jpg,Swisher
LogoDataset2K/Food/Trolli/27.jpg,Trolli
LogoDataset2K/Food/TinyToonAdventures/32.jpg,TinyToonAdventures
LogoDataset2K/Food/Somersbycider/30.jpg,Somersbycider
LogoDataset2K/Food/SmithsCrisps/1.jpg,SmithsCrisps
LogoDataset2K/Food/Totinos/1.jpg,Totinos
LogoDataset2K/Food/TwinPeaks/48.jpg,TwinPeaks
LogoDataset2K/Food/WillemII/10.jpg,WillemII
LogoDataset2K/Food/SonicDriveIn/3.jpg,SonicDriveIn
LogoDataset2K/Food/SpecialK/3.jpg,SpecialK
LogoDataset2K/Food/Shoneys/1.jpg,Shoneys
LogoDataset2K/Food/logoCadbury/27.jpg,logoCadbury
LogoDataset2K/Food/TreeTop/5.jpg,TreeTop
LogoDataset2K/Food/Tang/1.jpg,Tang
LogoDataset2K/Food/TedDrewes/1.jpg,TedDrewes
LogoDataset2K/Food/Schlotzskys/12.jpg,Schlotzskys
LogoDataset2K/Food/SeaDog/4.jpg,SeaDog
LogoDataset2K/Food/Vosswater/12.jpg,Vosswater
LogoDataset2K/Food/Singer/8.jpg,Singer
LogoDataset2K/Food/RockyMountain/1.jpg,RockyMountain
LogoDataset2K/Food/VocelliPizza/1.jpg,VocelliPizza
LogoDataset2K/Food/UneedaBiscuits/48.jpg,UneedaBiscuits
LogoDataset2K/Food/Royalbaking/2.jpg,Royalbaking
LogoDataset2K/Food/Tchibo/7.jpg,Tchibo
LogoDataset2K/Food/Purina/8.jpg,Purina
LogoDataset2K/Food/ShakeysPizza/19.jpg,ShakeysPizza
LogoDataset2K/Food/Remington/5.jpg,Remington
LogoDataset2K/Food/Seasons52/3.jpg,Seasons52
LogoDataset2K/Food/Siboney/34.jpg,Siboney
LogoDataset2K/Food/ReesesPuffs/1.jpg,ReesesPuffs
LogoDataset2K/Food/SITIRLIQUORCO/3.jpg,SITIRLIQUORCO
LogoDataset2K/Food/ULuvka/30.jpg,ULuvka
LogoDataset2K/Food/SkinnyCow/55.jpg,SkinnyCow
LogoDataset2K/Food/TimTam/1.jpg,TimTam
LogoDataset2K/Food/UnibicAnzacBiscuits/66.jpg,UnibicAnzacBiscuits
LogoDataset2K/Food/VanaTallinn/12.jpg,VanaTallinn
LogoDataset2K/Food/SmithForgeHard/27.jpg,SmithForgeHard
LogoDataset2K/Food/Walkers/10.jpg,Walkers
LogoDataset2K/Food/PotNoodle/9.jpg,PotNoodle
LogoDataset2K/Food/UnitedBiscuits/5.jpg,UnitedBiscuits
LogoDataset2K/Food/Trakinas/1.jpg,Trakinas
LogoDataset2K/Food/Velveeta/52.jpg,Velveeta
LogoDataset2K/Food/qiaqia/46.jpg,qiaqia
LogoDataset2K/Food/StellaArtoisCidre/12.jpg,StellaArtoisCidre
LogoDataset2K/Food/PowerBar/23.jpg,PowerBar
LogoDataset2K/Food/Rewe/4.jpg,Rewe
LogoDataset2K/Food/WheatCrunchies/22.jpg,WheatCrunchies
LogoDataset2K/Food/Savory/1.jpg,Savory
LogoDataset2K/Food/Puff/1.jpg,Puff
LogoDataset2K/Food/Valdez/5.jpg,Valdez
LogoDataset2K/Food/Taitaile/45.jpg,Taitaile
LogoDataset2K/Food/StretchIslandFruit/26.jpg,StretchIslandFruit
LogoDataset2K/Food/Wuliangye/2.jpg,Wuliangye
LogoDataset2K/Food/St/63.jpg,St
LogoDataset2K/Food/TGIFridays/6.jpg,TGIFridays
LogoDataset2K/Food/TUC/2.jpg,TUC
LogoDataset2K/Food/TacoBell/8.jpg,TacoBell
LogoDataset2K/Food/RainbowNerds/63.jpg,RainbowNerds
LogoDataset2K/Food/Subway/6.jpg,Subway
LogoDataset2K/Food/SugarSprinkledTwinkles/50.jpg,SugarSprinkledTwinkles
LogoDataset2K/Food/Richfield/53.jpg,Richfield
LogoDataset2K/Food/Shoprite/43.jpg,Shoprite
LogoDataset2K/Food/Segafredo/4.jpg,Segafredo
LogoDataset2K/Food/VIMAL/9.jpg,VIMAL
LogoDataset2K/Food/UncleJoesMintBalls/56.jpg,UncleJoesMintBalls
LogoDataset2K/Food/RichardPetty43s/5.jpg,RichardPetty43s
LogoDataset2K/Food/RedBull/5.jpg,RedBull
LogoDataset2K/Food/VanillaCookieCrisp/60.jpg,VanillaCookieCrisp
LogoDataset2K/Food/SpriteZero/46.jpg,SpriteZero
LogoDataset2K/Food/Stanley/8.jpg,Stanley
LogoDataset2K/Food/Tanggou/1.jpg,Tanggou
LogoDataset2K/Food/SesameStreet/5.jpg,SesameStreet
LogoDataset2K/Food/SteamWhistle/10.jpg,SteamWhistle
LogoDataset2K/Food/Snickers/71.jpg,Snickers
LogoDataset2K/Food/SugarPuffs/14.jpg,SugarPuffs
LogoDataset2K/Food/RootBeer/2.jpg,RootBeer
LogoDataset2K/Food/SugarCrisp/75.jpg,SugarCrisp
LogoDataset2K/Food/Trident/1.jpg,Trident
LogoDataset2K/Food/kepeng/1.jpg,kepeng
LogoDataset2K/Food/Runza/2.jpg,Runza
LogoDataset2K/Food/logoSlimer/18.jpg,logoSlimer
LogoDataset2K/Food/TootsieRoll/36.jpg,TootsieRoll
LogoDataset2K/Food/cocacola/2.jpg,cocacola
LogoDataset2K/Food/StonesBitter/57.jpg,StonesBitter
LogoDataset2K/Food/Snapple/8.jpg,Snapple
LogoDataset2K/Food/Siglo/3.jpg,Siglo
LogoDataset2K/Food/niulanghan/12.jpg,niulanghan
LogoDataset2K/Food/SierraMist/1.jpg,SierraMist
LogoDataset2K/Food/Tylenol/34.jpg,Tylenol
LogoDataset2K/Food/ToffeeCrisp/35.jpg,ToffeeCrisp
LogoDataset2K/Food/UncleSam/38.jpg,UncleSam
LogoDataset2K/Food/TollHouse/27.jpg,TollHouse
LogoDataset2K/Food/YazooChill/43.jpg,YazooChill
LogoDataset2K/Food/TrailsEnd/2.jpg,TrailsEnd
LogoDataset2K/Food/sevenup/41.jpg,sevenup
LogoDataset2K/Food/Suflair/1.jpg,Suflair
LogoDataset2K/Food/Skippy/1.jpg,Skippy
LogoDataset2K/Food/Quiznos/9.jpg,Quiznos
LogoDataset2K/Food/Smashburger/11.jpg,Smashburger
LogoDataset2K/Food/WeetabixMinis/1.jpg,WeetabixMinis
LogoDataset2K/Food/SweeTarts/1.jpg,SweeTarts
LogoDataset2K/Food/Taibai/14.jpg,Taibai
LogoDataset2K/Food/Telepizza/8.jpg,Telepizza
LogoDataset2K/Food/Tetley/5.jpg,Tetley
LogoDataset2K/Food/ShakenBake/1.jpg,ShakenBake
LogoDataset2K/Food/TheCaliforniaRaisins/12.jpg,TheCaliforniaRaisins
LogoDataset2K/Food/ganzhu/26.jpg,ganzhu
LogoDataset2K/Food/VanCamps/8.jpg,VanCamps
LogoDataset2K/Food/Sprecher/1.jpg,Sprecher
LogoDataset2K/Food/Twix/1.jpg,Twix
LogoDataset2K/Food/ToyMachine/3.jpg,ToyMachine
LogoDataset2K/Food/Preem/41.jpg,Preem
LogoDataset2K/Food/TeddyGrahams/7.jpg,TeddyGrahams
LogoDataset2K/Food/RefreshersGums/39.jpg,RefreshersGums
LogoDataset2K/Food/SultanaBran/38.jpg,SultanaBran
LogoDataset2K/Food/UnoChicagoGrill/4.jpg,UnoChicagoGrill
LogoDataset2K/Food/TwisteeTreat/41.jpg,TwisteeTreat
LogoDataset2K/Food/Rekorderlig/4.jpg,Rekorderlig
LogoDataset2K/Food/ShreddedWheat/12.jpg,ShreddedWheat
LogoDataset2K/Food/Starbucks/7.jpg,Starbucks
LogoDataset2K/Food/Ricola/20.jpg,Ricola
LogoDataset2K/Food/Pringles/5.jpg,Pringles
LogoDataset2K/Food/Thorntons/14.jpg,Thorntons
LogoDataset2K/Food/TheCoffeeClub/58.jpg,TheCoffeeClub
LogoDataset2K/Food/WeetBix/26.jpg,WeetBix
LogoDataset2K/Food/Wheaties/18.jpg,Wheaties
LogoDataset2K/Food/WalkersShortbread/15.jpg,WalkersShortbread
LogoDataset2K/Food/Thorn/13.jpg,Thorn
LogoDataset2K/Food/Sizzler/2.jpg,Sizzler
LogoDataset2K/Food/Tropicana/8.jpg,Tropicana
LogoDataset2K/Food/Wotsits/1.jpg,Wotsits
LogoDataset2K/Food/SmoresKrave/49.jpg,SmoresKrave
LogoDataset2K/Food/RaisinBran/17.jpg,RaisinBran
LogoDataset2K/Food/Vegemite/1.jpg,Vegemite
LogoDataset2K/Food/jintanyuye/10.jpg,jintanyuye
LogoDataset2K/Food/WoodchuckHard/1.jpg,WoodchuckHard
LogoDataset2K/Food/SchweppesTonic/81.jpg,SchweppesTonic
LogoDataset2K/Food/Screamers/8.jpg,Screamers
LogoDataset2K/Food/Skittles/78.jpg,Skittles
LogoDataset2K/Food/Shorai/1.jpg,Shorai
LogoDataset2K/Food/Smartfood/33.jpg,Smartfood
LogoDataset2K/Food/SanMiguel/4.jpg,SanMiguel
LogoDataset2K/Food/Sainsburys/34.jpg,Sainsburys
LogoDataset2K/Food/SnackWells/8.jpg,SnackWells
LogoDataset2K/Food/Uiltje/1.jpg,Uiltje
LogoDataset2K/Food/Stella/32.jpg,Stella
LogoDataset2K/Food/Volvic/1.jpg,Volvic
LogoDataset2K/Food/YinluFood/53.jpg,YinluFood
LogoDataset2K/Food/TastersChoice/3.jpg,TastersChoice
LogoDataset2K/Food/Winchester/2.jpg,Winchester
LogoDataset2K/Food/Smarties/41.jpg,Smarties
LogoDataset2K/Food/VanillaChex/53.jpg,VanillaChex
LogoDataset2K/Food/Vimto/1.jpg,Vimto
LogoDataset2K/Food/haagendazs/23.jpg,haagendazs
LogoDataset2K/Food/Sunkist/78.jpg,Sunkist
LogoDataset2K/Food/SwedishGlace/1.jpg,SwedishGlace
LogoDataset2K/Food/jinlongyu/79.jpg,jinlongyu
LogoDataset2K/Food/Xiaojiaolou/4.jpg,Xiaojiaolou
LogoDataset2K/Food/TabacosBaez/25.jpg,TabacosBaez
LogoDataset2K/Food/ThePizzaCompany/1.jpg,ThePizzaCompany
LogoDataset2K/Food/TDK/12.jpg,TDK
LogoDataset2K/Food/smart/14.jpg,smart
LogoDataset2K/Food/YooHoo/17.jpg,YooHoo
LogoDataset2K/Food/RainforestCafe/13.jpg,RainforestCafe
LogoDataset2K/Food/Twisties/33.jpg,Twisties
LogoDataset2K/Food/YellowCabPizzaCo/42.jpg,YellowCabPizzaCo
LogoDataset2K/Food/Xurisheng/73.jpg,Xurisheng
LogoDataset2K/Food/thirstcola/27.jpg,thirstcola
LogoDataset2K/Food/ThistlyCross/64.jpg,ThistlyCross
LogoDataset2K/Food/RainbowBrite/7.jpg,RainbowBrite
LogoDataset2K/Food/SierraNevada/53.jpg,SierraNevada
LogoDataset2K/Food/Walls/4.jpg,Walls
LogoDataset2K/Food/Thrills/2.jpg,Thrills
LogoDataset2K/Food/SunnyDelight/1.jpg,SunnyDelight
LogoDataset2K/Food/TyrrellsAppleChips/32.jpg,TyrrellsAppleChips
LogoDataset2K/Food/Toby/28.jpg,Toby
LogoDataset2K/Food/logoBubblicious/17.jpg,logoBubblicious
LogoDataset2K/Food/WonkaBars/12.jpg,WonkaBars
LogoDataset2K/Food/pepsi/32.jpg,pepsi
LogoDataset2K/Food/SevenSeas/3.jpg,SevenSeas
LogoDataset2K/Food/TexasRoadhouse/5.jpg,TexasRoadhouse
LogoDataset2K/Food/Triscuit/7.jpg,Triscuit
LogoDataset2K/Food/SavannaDry/1.jpg,SavannaDry
LogoDataset2K/Food/SnapzCrisps/1.jpg,SnapzCrisps
LogoDataset2K/Food/Stash/1.jpg,Stash
LogoDataset2K/Food/Swensens/6.jpg,Swensens
LogoDataset2K/Food/StrawberryShortcake/24.jpg,StrawberryShortcake
LogoDataset2K/Food/ToastedChips/14.jpg,ToastedChips
LogoDataset2K/Food/PureLife/1.jpg,PureLife
LogoDataset2K/Food/Tsingtao/26.jpg,Tsingtao
LogoDataset2K/Food/Senator/1.jpg,Senator
LogoDataset2K/Food/SweetLeaf/27.jpg,SweetLeaf
LogoDataset2K/Food/TicTac/1.jpg,TicTac
LogoDataset2K/Food/WheatThins/38.jpg,WheatThins
LogoDataset2K/Food/SlimJim/5.jpg,SlimJim
LogoDataset2K/Food/cestbon/9.jpg,cestbon
LogoDataset2K/Food/Saladworks/3.jpg,Saladworks
LogoDataset2K/Food/Ricore/1.jpg,Ricore
LogoDataset2K/Food/logoScoobyDoo/3.jpg,logoScoobyDoo
LogoDataset2K/Food/Suchard/30.jpg,Suchard
LogoDataset2K/Food/QuakerOatmealSquares/2.jpg,QuakerOatmealSquares
LogoDataset2K/Food/Sarsons/5.jpg,Sarsons
LogoDataset2K/Food/Vittel/22.jpg,Vittel
LogoDataset2K/Food/Reliv/5.jpg,Reliv
LogoDataset2K/Food/yanjing/39.jpg,yanjing
LogoDataset2K/Food/Shreddies/1.jpg,Shreddies
LogoDataset2K/Food/Strongbow/9.jpg,Strongbow
LogoDataset2K/Food/Radical/1.jpg,Radical
LogoDataset2K/Food/Sbarro/5.jpg,Sbarro
LogoDataset2K/Food/Sealtest/1.jpg,Sealtest
LogoDataset2K/Food/mulinsen/40.jpg,mulinsen
LogoDataset2K/Food/coles/29.jpg,coles
LogoDataset2K/Food/Sauza/1.jpg,Sauza
LogoDataset2K/Food/UnileverFoodSolutions/1.jpg,UnileverFoodSolutions
LogoDataset2K/Food/RiceKrispies/40.jpg,RiceKrispies
LogoDataset2K/Food/SeattlesBestCoffee/2.jpg,SeattlesBestCoffee
LogoDataset2K/Leisure/Gremlins/1.jpg,Gremlins
LogoDataset2K/Leisure/Sector/7.jpg,Sector
LogoDataset2K/Leisure/Positivo/5.jpg,Positivo
LogoDataset2K/Leisure/GameWorks/17.jpg,GameWorks
LogoDataset2K/Leisure/Nelsonss/1.jpg,Nelsonss
LogoDataset2K/Leisure/Hooters/7.jpg,Hooters
LogoDataset2K/Leisure/Mojang/32.jpg,Mojang
LogoDataset2K/Leisure/Kryptonics/1.jpg,Kryptonics
LogoDataset2K/Leisure/Rovio/7.jpg,Rovio
LogoDataset2K/Leisure/Cupido/26.jpg,Cupido
LogoDataset2K/Leisure/Pokemon/1.jpg,Pokemon
LogoDataset2K/Leisure/KAWASAKI/4.jpg,KAWASAKI
LogoDataset2K/Leisure/OMV/4.jpg,OMV
LogoDataset2K/Leisure/DudleyDoRight/44.jpg,DudleyDoRight
LogoDataset2K/Leisure/Crystal1/4.jpg,Crystal1
LogoDataset2K/Leisure/Coconuttree/15.jpg,Coconuttree
LogoDataset2K/Leisure/ProTech/3.jpg,ProTech
LogoDataset2K/Leisure/Sherwood/4.jpg,Sherwood
LogoDataset2K/Leisure/Nintendo/1.jpg,Nintendo
LogoDataset2K/Leisure/MickeyMouse/27.jpg,MickeyMouse
LogoDataset2K/Leisure/Circa/15.jpg,Circa
LogoDataset2K/Leisure/Billabongg/2.jpg,Billabongg
LogoDataset2K/Leisure/ChuckECheeses/25.jpg,ChuckECheeses
LogoDataset2K/Leisure/Montclair/15.jpg,Montclair
LogoDataset2K/Leisure/Cleveland/4.jpg,Cleveland
LogoDataset2K/Leisure/IndependentTruck/15.jpg,IndependentTruck
LogoDataset2K/Leisure/Anschutz/2.jpg,Anschutz
LogoDataset2K/Leisure/GIJoeActionStars/10.jpg,GIJoeActionStars
LogoDataset2K/Leisure/Mattel/6.jpg,Mattel
LogoDataset2K/Leisure/Hulk/7.jpg,Hulk
LogoDataset2K/Leisure/HotWheels/7.jpg,HotWheels
LogoDataset2K/Leisure/KungFuPandaCrunchers/49.jpg,KungFuPandaCrunchers
LogoDataset2K/Leisure/Solo/17.jpg,Solo
LogoDataset2K/Leisure/RI/1.jpg,RI
LogoDataset2K/Leisure/SAKURA/5.jpg,SAKURA
LogoDataset2K/Leisure/Nelly/1.jpg,Nelly
LogoDataset2K/Leisure/QINGHUA/44.jpg,QINGHUA
LogoDataset2K/Leisure/Shreks/1.jpg,Shreks
LogoDataset2K/Leisure/Airfix/1.jpg,Airfix
LogoDataset2K/Leisure/BillTedsExcellent/2.jpg,BillTedsExcellent
LogoDataset2K/Leisure/PacMan/6.jpg,PacMan
LogoDataset2K/Leisure/SantaBarbara/6.jpg,SantaBarbara
LogoDataset2K/Leisure/AlienWorkshop/4.jpg,AlienWorkshop
LogoDataset2K/Leisure/Sailor/8.jpg,Sailor
LogoDataset2K/Leisure/Pogo/8.jpg,Pogo
LogoDataset2K/Leisure/Sandra/4.jpg,Sandra
LogoDataset2K/Leisure/HighSchoolMusical/16.jpg,HighSchoolMusical
LogoDataset2K/Leisure/RipCurl/1.jpg,RipCurl
LogoDataset2K/Leisure/Billabong/4.jpg,Billabong
LogoDataset2K/Leisure/Impulse/17.jpg,Impulse
LogoDataset2K/Leisure/Brunswick/4.jpg,Brunswick
LogoDataset2K/Leisure/SiemensAG/2.jpg,SiemensAG
LogoDataset2K/Leisure/Puffins/13.jpg,Puffins
LogoDataset2K/Leisure/Nutty/13.jpg,Nutty
LogoDataset2K/Leisure/Disney/5.jpg,Disney
LogoDataset2K/Leisure/Lego/6.jpg,Lego
LogoDataset2K/Leisure/CatintheHat/14.jpg,CatintheHat
LogoDataset2K/Leisure/Ski/4.jpg,Ski
LogoDataset2K/Leisure/SnowFlakes/3.jpg,SnowFlakes
LogoDataset2K/Leisure/Roses/7.jpg,Roses
LogoDataset2K/Leisure/Sessions/4.jpg,Sessions
LogoDataset2K/Leisure/PDV/1.jpg,PDV
LogoDataset2K/Leisure/BARLIE/1.jpg,BARLIE
LogoDataset2K/Leisure/Boyds/7.jpg,Boyds
LogoDataset2K/Leisure/Burtons/1.jpg,Burtons
LogoDataset2K/Leisure/Selecta/6.jpg,Selecta
LogoDataset2K/Leisure/RubiksCube/6.jpg,RubiksCube
LogoDataset2K/Leisure/BuildABear/4.jpg,BuildABear
LogoDataset2K/Leisure/Club/30.jpg,Club
LogoDataset2K/Leisure/AmericanMachineandFoundry/39.jpg,AmericanMachineandFoundry
LogoDataset2K/Leisure/FUJITSU/4.jpg,FUJITSU
LogoDataset2K/Leisure/ShaolinTemple/4.jpg,ShaolinTemple
LogoDataset2K/Leisure/Condor/3.jpg,Condor
LogoDataset2K/Leisure/BlindSkateboards/43.jpg,BlindSkateboards
LogoDataset2K/Leisure/Kaboom/4.jpg,Kaboom
LogoDataset2K/Leisure/Brio/4.jpg,Brio
LogoDataset2K/Leisure/Qinyong/47.jpg,Qinyong
LogoDataset2K/Leisure/DonkeyKong/17.jpg,DonkeyKong
LogoDataset2K/Leisure/Revell/5.jpg,Revell
